family,scenario,field,segment,n_traj,n_time,dt,grid,static_share,dynamic_share,boxcar_low_share,boxcar_mid_share,boxcar_high_share,boxcar_share_bin1,boxcar_share_le_2,boxcar_share_le_4,boxcar_share_le_8,boxcar_modes_50,boxcar_modes_90,boxcar_modes_99,boxcar_effective_modes,boxcar_centroid_rel,boxcar_ar1_phi,boxcar_excess_share,boxcar_peak_bin,boxcar_peak_over_null,boxcar_peak_rel_nyquist,boxcar_low_share_sd,boxcar_excess_share_sd,hann_low_share,hann_mid_share,hann_high_share,hann_share_bin1,hann_share_le_2,hann_share_le_4,hann_share_le_8,hann_modes_50,hann_modes_90,hann_modes_99,hann_effective_modes,hann_centroid_rel,hann_ar1_phi,hann_excess_share,hann_peak_bin,hann_peak_over_null,hann_peak_rel_nyquist,hann_low_share_sd,hann_excess_share_sd
Turbulent radiative layer 2D,tcool_0.03,density,full,1,101,1.597033,128x384,0.8524269750024861,0.1475730249975138,0.5641375899184128,0.32274315662895053,0.1131192534526366,0.2640189589636142,0.3330144978212836,0.48886996160383567,0.6437181111709221,5,28,48,9.959796585667103,0.19334459291493772,0.7017028375312477,0.18320492233172325,1,2.272447182330934,0.02,0.0,0.0,0.5346855482849076,0.34048069107843554,0.12483376063665685,0.16625367148924278,0.25545719014894364,0.43641363072365136,0.6234547555779751,5,29,48,14.184518551107193,0.20948760852777523,0.6774550797399775,0.13192506375462212,1,1.5698151434854628,0.02,0.0,0.0
Turbulent radiative layer 2D,tcool_0.03,density,train,1,60,1.597033,128x384,0.9093577727505061,0.09064222724949378,0.5337055580751395,0.3461665615465627,0.12012788037829795,0.2318661654565758,0.4060442460313634,0.5959770619312076,0.7466180977627612,3,17,29,8.740184907636664,0.21148023294511137,0.6709554288895331,0.10617279115595835,1,1.3389703531128723,0.03333333333333333,0.0,0.0,0.38662333899822854,0.48330674823655767,0.13006991276521399,0.1524374876555849,0.25224309987417043,0.47653649316577623,0.7129907565261404,5,18,28,12.522252797150722,0.24048459584059173,0.6462340383055758,0.06609278690421451,6,1.4670601256454727,0.2,0.0,0.0
Turbulent radiative layer 2D,tcool_0.03,pressure,full,1,101,1.597033,128x384,0.045473517460435584,0.9545264825395646,0.4523939695221971,0.3847806589310019,0.16282537154680102,0.29244631728048415,0.32728184544463457,0.4233798993630654,0.5336688177728084,7,34,49,9.734472017291898,0.24183484809718525,0.59135512008015,0.2570990449750125,1,3.696151741435603,0.02,0.0,0.0,0.39997341372977235,0.3925297177963579,0.20749686847386997,0.2222095407102317,0.3211484672356023,0.38185948139227394,0.45367478779036524,10,38,49,13.722266542605377,0.2795215751731722,0.5133753744939117,0.24075147739722058,1,3.5265178225387337,0.02,0.0,0.0
Turbulent radiative layer 2D,tcool_0.03,pressure,train,1,60,1.597033,128x384,0.03283677388138673,0.9671632261186132,0.5756697989104584,0.2723153241760862,0.15201487691345508,0.31973352572218583,0.5252159565133327,0.6009694338903935,0.7344053868364852,2,21,29,6.38937000203591,0.21942252739536394,0.6350721750043878,0.25689324946430553,1,2.0844505467364525,0.03333333333333333,0.0,0.0,0.539447973933341,0.3007952551538578,0.15975677091280127,0.3483813363411255,0.48996156404469393,0.5710776396169052,0.7122489065295525,3,20,29,6.456518506517216,0.22827848262586384,0.6337634393558423,0.23205898993389423,1,2.280950881082098,0.03333333333333333,0.0,0.0
Turbulent radiative layer 2D,tcool_0.06,density,full,1,101,1.597033,128x384,0.8581557246405408,0.14184427535945926,0.5008452234515303,0.3675123020720859,0.13164247447638386,0.1924397950085993,0.2797788583054592,0.44204119938139613,0.613914452583874,5,30,48,14.147260911517968,0.21538260911769813,0.6586710900557061,0.10005176821271537,1,1.9452750603722442,0.02,0.0,0.0,0.46809474457532624,0.40058464475724886,0.1313206106674248,0.10451316908455371,0.17941409537058817,0.3977968873851727,0.596485826155737,6,30,48,17.578540782587773,0.22505736114161679,0.6542245963916705,0.07959796041724146,4,1.6078994432104006,0.08,0.0,0.0
Turbulent radiative layer 2D,tcool_0.06,density,train,1,60,1.597033,128x384,0.9017596106331833,0.0982403893668167,0.4390327233239761,0.4232440105399416,0.13772326613608232,0.17280273975443602,0.29036423632921693,0.5090541483168987,0.6803234733029278,4,19,29,11.757595925954487,0.2437878876982929,0.6094146460652808,0.09141278785933349,3,1.4022472535605524,0.1,0.0,0.0,0.3363630956441469,0.4882559452039027,0.17538095915195062,0.13147195951619778,0.21795557430764906,0.3971686839935915,0.6046675594253087,6,21,29,15.69065637347631,0.28543371903657894,0.5395805556856395,0.08018232677086809,10,1.3772646388563055,0.3333333333333333,0.0,0.0
Turbulent radiative layer 2D,tcool_0.06,pressure,full,1,101,1.597033,128x384,0.045350963048673344,0.9546490369513269,0.47022865800705144,0.36066087861681556,0.16911046337613292,0.280347081874992,0.3240750833571788,0.43895780047238653,0.5822980379469663,7,34,49,10.114066556735601,0.23821654969693126,0.5965840119877432,0.23174782614966472,1,3.485817073543157,0.02,0.0,0.0,0.3735928852724427,0.4252496770101033,0.2011574377174539,0.17936778371000212,0.2520154851517721,0.3462432183782247,0.48755627785149497,9,37,50,18.090009488186617,0.2838539797850702,0.514045704299722,0.1720418039888318,1,2.8413608547259357,0.02,0.0,0.0
Turbulent radiative layer 2D,tcool_0.06,pressure,train,1,60,1.597033,128x384,0.0198535624594315,0.9801464375405684,0.5095189356032268,0.31663602804026514,0.17384503635650786,0.1640212462882567,0.39081843394030297,0.5711035488646465,0.7006458433020059,3,20,29,9.506599540475253,0.2477045451957264,0.5847254194152743,0.17401053238970368,2,1.916962476258916,0.06666666666666667,0.0,0.0,0.2331751159940957,0.43738887225405637,0.3294360117518479,0.08443822214133233,0.17421743773798376,0.27148545243169214,0.483620101521645,9,24,29,21.173113668221166,0.37988932231197187,0.2966310655214295,0.1525216362232935,7,1.7484469124164663,0.23333333333333334,0.0,0.0
Turbulent radiative layer 2D,tcool_0.10,density,full,1,101,1.597033,128x384,0.891965391045106,0.10803460895489429,0.46736762905232665,0.40122063071863984,0.13141174022903346,0.16026531725649515,0.2293664968291145,0.4125950199861688,0.6005706988371925,6,30,48,16.029380851343106,0.2186637701102566,0.6582776885593955,0.09223539890119771,1,1.622304973703455,0.02,0.0,0.0,0.43385839386600333,0.4349057676892725,0.13123583844472414,0.09438463930262922,0.16956775443185085,0.3728819360706918,0.5868829761890514,7,30,48,18.71392814390741,0.22563032448300363,0.6559447468070767,0.05599916844650122,3,1.3057592679991135,0.06,0.0,0.0
Turbulent radiative layer 2D,tcool_0.10,density,train,1,60,1.597033,128x384,0.92065739708584,0.07934260291415984,0.3826452017242545,0.4779072375056522,0.13944756077009327,0.17738687801125474,0.3165143514027403,0.4838017843818925,0.6910895936412583,5,18,29,11.9543955733343,0.2419736544383156,0.6159851978705082,0.08297431898163769,9,1.4556289317221964,0.3,0.0,0.0,0.22645179051991782,0.6198688441690638,0.15367936531101828,0.08695159855424733,0.14953051046240298,0.33523203772213445,0.6435264249509948,6,19,29,15.519269117476671,0.2792713241832632,0.5619267998408055,0.1407692079992095,5,1.551526994629629,0.16666666666666666,0.0,0.0
Turbulent radiative layer 2D,tcool_0.10,pressure,full,1,101,1.597033,128x384,0.014136722294478318,0.9858632777055216,0.5698039048386515,0.29457671949444847,0.13561937566689986,0.32368898512740607,0.4028588398285143,0.5176279579157346,0.6610839649844867,4,31,49,7.827539019170072,0.19832665253250334,0.6793611926336115,0.2361041058798019,1,3.0347878522245253,0.02,0.0,0.0,0.475015001621759,0.3388332221690727,0.18615177620916834,0.21905529104102697,0.2707099372858884,0.3859336451456325,0.5554633762698485,6,35,49,13.412438579466428,0.2524122858748854,0.5838019527510139,0.22444859711254433,1,2.8339434060506883,0.02,0.0,0.0
Turbulent radiative layer 2D,tcool_0.10,pressure,train,1,60,1.597033,128x384,0.009485069425406953,0.990514930574593,0.6523890749462358,0.23937786759105734,0.10823305746270712,0.4530857085210955,0.5906928891801663,0.7052690947997147,0.7980999294388688,2,17,29,4.232918315951544,0.17196380112452817,0.7347837762942303,0.2545999213712244,1,2.0634160102100307,0.03333333333333333,0.0,0.0,0.5292673289265116,0.3277362380982955,0.14299643297519263,0.37918872001590903,0.4158557360253645,0.6031296949949883,0.7406310834807306,3,20,29,5.758864162336508,0.21517701673471015,0.6507251377519044,0.23833023328243216,1,2.3469544684115373,0.03333333333333333,0.0,0.0
Turbulent radiative layer 2D,tcool_0.18,density,full,1,101,1.597033,128x384,0.8630460442795774,0.13695395572042254,0.4921894259884475,0.39056027491804035,0.1172502990935122,0.12712617119465375,0.22202273984680798,0.3865295133640432,0.6352941768058921,6,28,48,16.001320960553397,0.20939022488072984,0.6820925419063435,0.09497872100217328,5,1.5745971742546685,0.1,0.0,0.0,0.45514306293293005,0.4316798139514174,0.1131771231156525,0.088088953968426,0.16899760620301688,0.3206112503877503,0.6544100821983594,6,27,48,15.567847001595753,0.21015865254594304,0.6942362433192417,0.1545526209566106,5,1.9847114469434546,0.1,0.0,0.0
Turbulent radiative layer 2D,tcool_0.18,density,train,1,60,1.597033,128x384,0.8935406044499589,0.10645939555004114,0.4705858437357709,0.4067100043001713,0.12270415196405784,0.12706985898593037,0.24012917250739368,0.5782988191670958,0.7141760044511544,4,17,28,9.643781619279505,0.2302309790381129,0.6442477247807648,0.15903895891850942,3,2.0685871090140107,0.1,0.0,0.0,0.3913151623382505,0.47850073713059044,0.130184100531159,0.0701251191803923,0.1601827834858769,0.534530786324467,0.6867392554184086,4,18,29,10.068004929513352,0.24821322650831412,0.6217489699639901,0.2021088033419868,3,2.140481243109986,0.1,0.0,0.0
Turbulent radiative layer 2D,tcool_0.18,pressure,full,1,101,1.597033,128x384,0.028377915864857144,0.9716220841351426,0.575063651237527,0.26937125007499524,0.1555650986874778,0.23578199089752092,0.26160751083298206,0.5333865177522451,0.6327891070448475,4,33,48,9.714355041058838,0.21702448985685427,0.6396900356448693,0.2851272402035597,1,2.5462144059682235,0.02,0.0,0.0,0.5338038168239052,0.2683228099845608,0.19787337319153417,0.23020659779434807,0.3777271906124406,0.5028820727337185,0.5689996457762274,4,36,49,10.942476350023483,0.2429212444774978,0.577417654584478,0.2990834239167639,1,3.0368124638708434,0.02,0.0,0.0
Turbulent radiative layer 2D,tcool_0.18,pressure,train,1,60,1.597033,128x384,0.01891686676343957,0.9810831332365605,0.4264208692003247,0.38251547073224557,0.19106366006742975,0.11137959741453322,0.32320688171626316,0.4654411684695034,0.6612601253198231,5,22,29,11.65399031793813,0.271061830096925,0.5411839438086984,0.14442082158437286,2,1.9866001107155329,0.06666666666666667,0.0,0.0,0.1281846139848832,0.5019624874692014,0.36985289854591513,0.03609348630631521,0.09599313590523748,0.15999169347783315,0.36838729247789836,11,25,29,24.25323612450368,0.42794837986058926,0.18915539682873597,0.14168206491545765,9,1.7153634737681456,0.3,0.0,0.0
Turbulent radiative layer 2D,tcool_0.32,density,full,1,101,1.597033,128x384,0.8870566272660692,0.112943372733931,0.43394762613041976,0.44180853717336027,0.12424383669621987,0.17461704784094442,0.20584897122751963,0.2783248808886334,0.6019330184145015,6,29,48,13.112375665019842,0.2228307058930636,0.6565776926334068,0.22485104413596246,5,2.380327824880177,0.1,0.0,0.0,0.42463924919906715,0.4576280799733464,0.11773267082758655,0.10538881167643054,0.1612204085394116,0.24264910418769195,0.6257400452195261,6,28,48,13.058508820030836,0.22056515082802672,0.6725653560385427,0.20928082684269028,5,2.7366511299404777,0.1,0.0,0.0
Turbulent radiative layer 2D,tcool_0.32,density,train,1,60,1.597033,128x384,0.9199965223429372,0.08000347765706291,0.45058198702520946,0.3990726220103424,0.15034539096444838,0.11292793483794823,0.19647446599445756,0.5151983957941434,0.6613535469542318,4,19,29,9.896384758652573,0.25717861895351424,0.5823628386236925,0.17665004855822214,3,2.5010245841686713,0.1,0.0,0.0,0.32453134223516394,0.4987112703213521,0.17675738744348404,0.050441308871250014,0.11725004087833668,0.4231090456278299,0.5841624844850594,7,21,29,12.9647667122254,0.29750887973136914,0.5054662984028016,0.18469848868406075,3,2.3313669395384204,0.1,0.0,0.0
Turbulent radiative layer 2D,tcool_0.32,pressure,full,1,101,1.597033,128x384,0.023875510557167575,0.9761244894428326,0.5729086008720738,0.28781293287250875,0.13927846625541745,0.41704280294154106,0.4542127973427622,0.5262970401815643,0.6528892833482106,4,32,48,5.337089035477641,0.1956597512407155,0.6760535088479397,0.33882665165400305,1,3.958325861089904,0.02,0.0,0.0,0.5957370777056695,0.2875857213757875,0.11667720091854324,0.3492387869518423,0.4839336127256686,0.5690002441892534,0.7023275857104075,3,29,48,6.561524964063654,0.1784934102564587,0.7407893936357065,0.27364895349214596,1,2.5561051308235014,0.02,0.0,0.0
Turbulent radiative layer 2D,tcool_0.32,pressure,train,1,60,1.597033,128x384,0.00453275045813384,0.9954672495418663,0.7767875848626907,0.171639677007095,0.05157273813021414,0.5407857954665962,0.7098723107771587,0.8202781657039194,0.8901894597748249,1,9,27,3.0302470606460292,0.1163365151857769,0.8515083695390233,0.17405660668895317,1,1.4670932074174476,0.03333333333333333,0.0,0.0,0.8412248558906268,0.10226124399420437,0.05651390011516921,0.7181280929092854,0.8086963731239616,0.8463962910613916,0.9013463661743654,1,8,27,1.8996742097558605,0.10378048095515195,0.862678334119456,0.3347201889768193,1,1.8459877322905274,0.03333333333333333,0.0,0.0
Turbulent radiative layer 2D,tcool_0.56,density,full,1,101,1.597033,128x384,0.9013673209205417,0.0986326790794581,0.39627400429952414,0.47471574467148664,0.12901025102898916,0.08220073208491703,0.13717201353972644,0.2719109308134274,0.5564206268735026,7,29,48,19.194897701639903,0.2330016557534242,0.6448488904954662,0.12930178401238748,5,1.9286966157216268,0.1,0.0,0.0,0.36495677894848566,0.5200445878478687,0.11499863320364576,0.039934684557841375,0.07234541694257815,0.22456200012251798,0.579145524504578,7,27,47,16.620815531342792,0.22763784794265324,0.6698549548943781,0.20369734913261295,5,2.1169255437528562,0.1,0.0,0.0
Turbulent radiative layer 2D,tcool_0.56,density,train,1,60,1.597033,128x384,0.9212196186476455,0.0787803813523545,0.33445660665628035,0.5217712538564735,0.14377213948724615,0.10058451854965982,0.17021477928084505,0.5109053425242853,0.6913373819785541,4,18,29,11.21725047628967,0.2515528302810169,0.6054938635631855,0.19201936472704761,4,2.0281443381392763,0.13333333333333333,0.0,0.0,0.305684223559309,0.5489011172378475,0.14541465920284355,0.06092052229075624,0.13540340757014513,0.4750642097722537,0.6730101524815031,5,18,28,11.780754905658142,0.2590215971695672,0.5988617676205921,0.18927032132181287,4,1.956077306337982,0.13333333333333333,0.0,0.0
Turbulent radiative layer 2D,tcool_0.56,pressure,full,1,101,1.597033,128x384,0.011261686141865807,0.9887383138581343,0.6641642308445049,0.23542326886567322,0.10041250028982203,0.1874135659869388,0.22213400863834146,0.6215609342745229,0.7283787152937637,4,26,48,7.88557953847903,0.1709535084822982,0.7488913466363505,0.2819653826364272,3,2.35869763307502,0.06,0.0,0.0,0.7610580388809154,0.13691500065102905,0.10202696046805575,0.15361579669469097,0.2684691900380457,0.7334088155549798,0.7834217820031754,3,26,48,6.380346922616466,0.15804383536128103,0.771461210273945,0.29678602267107373,3,2.740321648336348,0.06,0.0,0.0
Turbulent radiative layer 2D,tcool_0.56,pressure,train,1,60,1.597033,128x384,0.009574927118535536,0.9904250728814645,0.5780015569659621,0.28377488963177655,0.13822355340226128,0.4004067487246772,0.45861623147366865,0.6233574147045254,0.7518654925775864,3,19,29,5.316433746393806,0.20704679530839668,0.6632310308529349,0.24803295290207036,1,2.375019694014523,0.03333333333333333,0.0,0.0,0.7638189545066538,0.15594422421362303,0.08023682127972291,0.5195177966504969,0.7007833617149338,0.7899077918272579,0.8668232130376075,1,12,28,3.2276946973535536,0.13658527643351126,0.8308077521453459,0.20003289591682885,28,1.851329815692402,0.9333333333333333,0.0,0.0
Turbulent radiative layer 2D,tcool_1.00,density,full,1,101,1.597033,128x384,0.9125806791223854,0.08741932087761466,0.32816784445883085,0.5494188345230558,0.12241332101811363,0.11130659687676686,0.145962361402122,0.2464822937384834,0.5598532418176242,7,28,48,15.582721148324168,0.23416179755745348,0.6433495049128933,0.1912880966641968,6,2.996404093106972,0.12,0.0,0.0,0.32666385670009596,0.5730572047214585,0.10027893857844547,0.06404426341090681,0.09960890896195823,0.1783280579999964,0.5982039829678454,6,26,47,13.225584695449967,0.2231825893927089,0.6844245316001224,0.2848904563405271,6,3.071725921179799,0.12,0.0,0.0
Turbulent radiative layer 2D,tcool_1.00,density,train,1,60,1.597033,128x384,0.9120447706578093,0.0879552293421906,0.37104627312090843,0.4944228955316292,0.1345308313474623,0.11471534753337474,0.1694236424585212,0.5244030810985029,0.6860076786779913,4,18,29,10.668501249275122,0.24814265500251798,0.6124894126289026,0.19215320053183416,3,1.892914588662085,0.1,0.0,0.0,0.2894655206696289,0.552674828750088,0.15785965058028312,0.06396110968886198,0.12284979671014361,0.44517836880850103,0.6076631477861036,6,18,29,12.960412340979541,0.2798682919101353,0.5489650395583235,0.20536068162104512,4,1.8807343710833133,0.13333333333333333,0.0,0.0
Turbulent radiative layer 2D,tcool_1.00,pressure,full,1,101,1.597033,128x384,0.011091184317141428,0.9889088156828587,0.5745031092942867,0.2892422950385514,0.1362545956671619,0.32542934299236,0.42812406999775976,0.5179140268899041,0.6568425573909418,4,31,48,7.628830736142407,0.1962311668573438,0.6802683371112166,0.24019418348035357,1,3.0408005826176683,0.02,0.0,0.0,0.5456224917675007,0.3431121122073857,0.1112653960251136,0.27563877398197933,0.37075517575418304,0.4989252416893127,0.6470087686219921,5,28,47,9.413825148418294,0.1886188556684679,0.7205572417464808,0.22883902852453153,12,2.315320756959443,0.24,0.0,0.0
Turbulent radiative layer 2D,tcool_1.00,pressure,train,1,60,1.597033,128x384,0.014335328546815549,0.9856646714531844,0.46541735959781483,0.3434806980343116,0.1911019423678736,0.19696449014527442,0.3136543994533796,0.516272339679299,0.6772048622022522,4,21,29,11.090219146609881,0.2616847271848371,0.5551363437752485,0.15304090602633033,1,1.6407546880790715,0.03333333333333333,0.0,0.0,0.5296286924413494,0.3212378097956333,0.14913349776301738,0.2620813458604042,0.38571074574213166,0.6274418850084957,0.7316385903343797,3,19,28,8.251748715585155,0.21811621282659038,0.6727932171824473,0.158019662642575,16,1.5148620145588771,0.5333333333333333,0.0,0.0
Turbulent radiative layer 2D,tcool_1.78,density,full,1,101,1.597033,128x384,0.8840834536786429,0.11591654632135696,0.22860636530364964,0.6422083451294317,0.12918528956691855,0.07549758414162551,0.10250792133940051,0.14979400745567223,0.5257189278833793,8,29,48,16.21572772812654,0.2544714712347727,0.6121343308085135,0.23584038909965932,7,3.574583470866879,0.14,0.0,0.0,0.17479576233155553,0.7060558408989435,0.11914839676950124,0.03646983859152186,0.054422580674238705,0.09693618859897309,0.5504202397831186,8,28,47,14.343615971467715,0.2518488751012687,0.6321575468785381,0.3034074195152137,7,3.5132934853566553,0.14,0.0,0.0
Turbulent radiative layer 2D,tcool_1.78,density,train,1,60,1.597033,128x384,0.8958771906127653,0.10412280938723498,0.23925596498785945,0.6316461589506296,0.12909787606151102,0.08492100365158857,0.14931558447208582,0.42939776841864463,0.6721039474303063,5,17,29,12.665423928980212,0.26331332038529714,0.589941831560001,0.1898443531208607,4,2.210906794961669,0.13333333333333333,0.0,0.0,0.13842524408764856,0.7138393363772848,0.14773541953506622,0.03616796151996354,0.06845050186015542,0.2767138818526159,0.6113517354688784,7,18,29,14.863357407653176,0.2976680620829242,0.5289494008942123,0.23744427867170495,8,2.2058698638674294,0.26666666666666666,0.0,0.0
Turbulent radiative layer 2D,tcool_1.78,pressure,full,1,101,1.597033,128x384,0.005403381945880499,0.9945966180541194,0.7677688837088298,0.1499360869957451,0.08229502929542515,0.5490507655861075,0.6387329994669512,0.6813112372845183,0.8095465419938792,1,22,47,3.127466427871653,0.12654243605187246,0.8083564976512051,0.3889182826986299,1,2.890729320112808,0.02,0.0,0.0,0.8139903144454383,0.13500529360615485,0.051004391948406766,0.5918477129585994,0.6614239227901199,0.7288027099967361,0.8974297068403915,1,9,44,2.7057549627489283,0.0918096814502103,0.8834193423498738,0.34829825558751326,1,1.9449492755744395,0.02,0.0,0.0
Turbulent radiative layer 2D,tcool_1.78,pressure,train,1,60,1.597033,128x384,0.013738718233331079,0.9862612817666688,0.5057270923669609,0.30752444244107013,0.18674846519196908,0.2734474158188423,0.3504903983109192,0.56499336878227,0.6780790811018228,3,21,29,8.572129822787769,0.2525933667115279,0.56689971627051,0.2184539103232342,1,2.2013045337559785,0.03333333333333333,0.0,0.0,0.5439111790589064,0.2971817735918921,0.15890704734920155,0.29749731014333625,0.4143675089397582,0.6237897421617862,0.7236370542732473,3,19,29,7.585025693116953,0.2226239345151958,0.6379680920173194,0.18304836104251626,1,1.921147956699943,0.03333333333333333,0.0,0.0
