ic,band,window,n_time,omega,k,label,period_steps,share
IC36,tropics,boxcar,3024,-504,4,diurnal x4,6.0,4.722352854567321e-10
IC36,tropics,boxcar,3024,-378,3,diurnal x3,8.0,4.172517034791317e-09
IC36,tropics,boxcar,3024,-252,2,diurnal x2,12.0,7.848845627904243e-08
IC36,tropics,boxcar,3024,-126,1,diurnal,24.0,0.005028823052599318
IC36,tropics,boxcar,3024,-18,0,annual x6,168.0,0.0005863205421196983
IC36,tropics,boxcar,3024,-15,0,annual x5,201.6,0.0011326317275207611
IC36,tropics,boxcar,3024,-12,0,annual x4,252.0,0.0009407433158667681
IC36,tropics,boxcar,3024,-9,0,annual x3,336.0,0.003178775483229357
IC36,tropics,boxcar,3024,-6,0,annual x2,504.0,0.003654520573930185
IC36,tropics,boxcar,3024,-3,0,annual,1008.0,0.018849800609538486
IC36,tropics,boxcar,3024,3,0,annual,1008.0,0.018849800609538486
IC36,tropics,boxcar,3024,6,0,annual x2,504.0,0.003654520573930187
IC36,tropics,boxcar,3024,9,0,annual x3,336.0,0.0031787754832293563
IC36,tropics,boxcar,3024,12,0,annual x4,252.0,0.0009407433158667685
IC36,tropics,boxcar,3024,15,0,annual x5,201.6,0.001132631727520762
IC36,tropics,boxcar,3024,18,0,annual x6,168.0,0.0005863205421196982
IC36,tropics,boxcar,3024,126,-1,diurnal,24.0,0.005028823052599319
IC36,tropics,boxcar,3024,252,-2,diurnal x2,12.0,7.848845627904221e-08
IC36,tropics,boxcar,3024,378,-3,diurnal x3,8.0,4.172517034791335e-09
IC36,tropics,boxcar,3024,504,-4,diurnal x4,6.0,4.722352854567285e-10
IC36,tropics,hann,3024,-504,4,diurnal x4,6.0,1.5282912562987982e-10
IC36,tropics,hann,3024,-378,3,diurnal x3,8.0,4.5918754517279893e-10
IC36,tropics,hann,3024,-252,2,diurnal x2,12.0,8.081388866390228e-10
IC36,tropics,hann,3024,-126,1,diurnal,24.0,0.004960144377065105
IC36,tropics,hann,3024,-18,0,annual x6,168.0,2.516296388809022e-05
IC36,tropics,hann,3024,-15,0,annual x5,201.6,3.7456054952385756e-05
IC36,tropics,hann,3024,-12,0,annual x4,252.0,4.865305184584139e-05
IC36,tropics,hann,3024,-9,0,annual x3,336.0,0.00010236403350534509
IC36,tropics,hann,3024,-6,0,annual x2,504.0,0.00011340461531100378
IC36,tropics,hann,3024,-3,0,annual,1008.0,0.00032525598432044984
IC36,tropics,hann,3024,3,0,annual,1008.0,0.00032525598432045006
IC36,tropics,hann,3024,6,0,annual x2,504.0,0.00011340461531100378
IC36,tropics,hann,3024,9,0,annual x3,336.0,0.00010236403350534506
IC36,tropics,hann,3024,12,0,annual x4,252.0,4.8653051845841405e-05
IC36,tropics,hann,3024,15,0,annual x5,201.6,3.745605495238581e-05
IC36,tropics,hann,3024,18,0,annual x6,168.0,2.5162963888090235e-05
IC36,tropics,hann,3024,126,-1,diurnal,24.0,0.004960144377065107
IC36,tropics,hann,3024,252,-2,diurnal x2,12.0,8.08138886639057e-10
IC36,tropics,hann,3024,378,-3,diurnal x3,8.0,4.5918754517280813e-10
IC36,tropics,hann,3024,504,-4,diurnal x4,6.0,1.5282912562987843e-10
IC36,midlat_N,boxcar,3024,-504,4,diurnal x4,6.0,5.519920368108375e-09
IC36,midlat_N,boxcar,3024,-378,3,diurnal x3,8.0,1.7381735122329717e-08
IC36,midlat_N,boxcar,3024,-252,2,diurnal x2,12.0,1.0168936132597118e-07
IC36,midlat_N,boxcar,3024,-126,1,diurnal,24.0,0.0002951406247119841
IC36,midlat_N,boxcar,3024,-18,0,annual x6,168.0,0.00066724027938817
IC36,midlat_N,boxcar,3024,-15,0,annual x5,201.6,0.0008125206976764265
IC36,midlat_N,boxcar,3024,-12,0,annual x4,252.0,0.0006870336166297109
IC36,midlat_N,boxcar,3024,-9,0,annual x3,336.0,0.004006615218280272
IC36,midlat_N,boxcar,3024,-6,0,annual x2,504.0,0.00390372601116834
IC36,midlat_N,boxcar,3024,-3,0,annual,1008.0,0.014693979291903893
IC36,midlat_N,boxcar,3024,3,0,annual,1008.0,0.014693979291903895
IC36,midlat_N,boxcar,3024,6,0,annual x2,504.0,0.0039037260111683407
IC36,midlat_N,boxcar,3024,9,0,annual x3,336.0,0.004006615218280273
IC36,midlat_N,boxcar,3024,12,0,annual x4,252.0,0.0006870336166297109
IC36,midlat_N,boxcar,3024,15,0,annual x5,201.6,0.0008125206976764272
IC36,midlat_N,boxcar,3024,18,0,annual x6,168.0,0.0006672402793881701
IC36,midlat_N,boxcar,3024,126,-1,diurnal,24.0,0.0002951406247119842
IC36,midlat_N,boxcar,3024,252,-2,diurnal x2,12.0,1.0168936132597105e-07
IC36,midlat_N,boxcar,3024,378,-3,diurnal x3,8.0,1.7381735122329625e-08
IC36,midlat_N,boxcar,3024,504,-4,diurnal x4,6.0,5.519920368108339e-09
IC36,midlat_N,hann,3024,-504,4,diurnal x4,6.0,1.397524400384687e-10
IC36,midlat_N,hann,3024,-378,3,diurnal x3,8.0,5.464922717505878e-11
IC36,midlat_N,hann,3024,-252,2,diurnal x2,12.0,3.1203406175424297e-10
IC36,midlat_N,hann,3024,-126,1,diurnal,24.0,0.00036147058796272177
IC36,midlat_N,hann,3024,-18,0,annual x6,168.0,9.976688395747684e-05
IC36,midlat_N,hann,3024,-15,0,annual x5,201.6,0.00015923393490668324
IC36,midlat_N,hann,3024,-12,0,annual x4,252.0,0.00010923327207992622
IC36,midlat_N,hann,3024,-9,0,annual x3,336.0,0.00035266700777133975
IC36,midlat_N,hann,3024,-6,0,annual x2,504.0,0.00011659024136935054
IC36,midlat_N,hann,3024,-3,0,annual,1008.0,0.001084309300422475
IC36,midlat_N,hann,3024,3,0,annual,1008.0,0.0010843093004224752
IC36,midlat_N,hann,3024,6,0,annual x2,504.0,0.0001165902413693506
IC36,midlat_N,hann,3024,9,0,annual x3,336.0,0.00035266700777133975
IC36,midlat_N,hann,3024,12,0,annual x4,252.0,0.00010923327207992622
IC36,midlat_N,hann,3024,15,0,annual x5,201.6,0.00015923393490668332
IC36,midlat_N,hann,3024,18,0,annual x6,168.0,9.97668839574769e-05
IC36,midlat_N,hann,3024,126,-1,diurnal,24.0,0.00036147058796272193
IC36,midlat_N,hann,3024,252,-2,diurnal x2,12.0,3.1203406175423853e-10
IC36,midlat_N,hann,3024,378,-3,diurnal x3,8.0,5.4649227175054514e-11
IC36,midlat_N,hann,3024,504,-4,diurnal x4,6.0,1.3975244003847126e-10
IC36,midlat_S,boxcar,3024,-504,4,diurnal x4,6.0,2.4500294718053006e-10
IC36,midlat_S,boxcar,3024,-378,3,diurnal x3,8.0,8.562172572194515e-09
IC36,midlat_S,boxcar,3024,-252,2,diurnal x2,12.0,3.2045819443152424e-08
IC36,midlat_S,boxcar,3024,-126,1,diurnal,24.0,0.0005860100590541579
IC36,midlat_S,boxcar,3024,-18,0,annual x6,168.0,9.070041824037175e-05
IC36,midlat_S,boxcar,3024,-15,0,annual x5,201.6,0.0002000457827361701
IC36,midlat_S,boxcar,3024,-12,0,annual x4,252.0,6.355669892016408e-05
IC36,midlat_S,boxcar,3024,-9,0,annual x3,336.0,0.00022431896042484956
IC36,midlat_S,boxcar,3024,-6,0,annual x2,504.0,0.0002807222247047037
IC36,midlat_S,boxcar,3024,-3,0,annual,1008.0,0.0008851060628892811
IC36,midlat_S,boxcar,3024,3,0,annual,1008.0,0.0008851060628892813
IC36,midlat_S,boxcar,3024,6,0,annual x2,504.0,0.00028072222470470375
IC36,midlat_S,boxcar,3024,9,0,annual x3,336.0,0.00022431896042484953
IC36,midlat_S,boxcar,3024,12,0,annual x4,252.0,6.35566989201641e-05
IC36,midlat_S,boxcar,3024,15,0,annual x5,201.6,0.00020004578273617016
IC36,midlat_S,boxcar,3024,18,0,annual x6,168.0,9.070041824037175e-05
IC36,midlat_S,boxcar,3024,126,-1,diurnal,24.0,0.000586010059054158
IC36,midlat_S,boxcar,3024,252,-2,diurnal x2,12.0,3.2045819443152557e-08
IC36,midlat_S,boxcar,3024,378,-3,diurnal x3,8.0,8.562172572194547e-09
IC36,midlat_S,boxcar,3024,504,-4,diurnal x4,6.0,2.450029471805285e-10
IC36,midlat_S,hann,3024,-504,4,diurnal x4,6.0,6.68559806356228e-11
IC36,midlat_S,hann,3024,-378,3,diurnal x3,8.0,2.0217047205308773e-10
IC36,midlat_S,hann,3024,-252,2,diurnal x2,12.0,3.3626391047417635e-10
IC36,midlat_S,hann,3024,-126,1,diurnal,24.0,0.0003401994929532409
IC36,midlat_S,hann,3024,-18,0,annual x6,168.0,5.027560287921761e-05
IC36,midlat_S,hann,3024,-15,0,annual x5,201.6,0.00010626975857463424
IC36,midlat_S,hann,3024,-12,0,annual x4,252.0,6.398437586426957e-05
IC36,midlat_S,hann,3024,-9,0,annual x3,336.0,4.13030507019932e-05
IC36,midlat_S,hann,3024,-6,0,annual x2,504.0,0.00026239679519786255
IC36,midlat_S,hann,3024,-3,0,annual,1008.0,0.00012220888759517626
IC36,midlat_S,hann,3024,3,0,annual,1008.0,0.0001222088875951763
IC36,midlat_S,hann,3024,6,0,annual x2,504.0,0.00026239679519786266
IC36,midlat_S,hann,3024,9,0,annual x3,336.0,4.130305070199319e-05
IC36,midlat_S,hann,3024,12,0,annual x4,252.0,6.398437586426959e-05
IC36,midlat_S,hann,3024,15,0,annual x5,201.6,0.00010626975857463425
IC36,midlat_S,hann,3024,18,0,annual x6,168.0,5.0275602879217633e-05
IC36,midlat_S,hann,3024,126,-1,diurnal,24.0,0.00034019949295324096
IC36,midlat_S,hann,3024,252,-2,diurnal x2,12.0,3.3626391047420055e-10
IC36,midlat_S,hann,3024,378,-3,diurnal x3,8.0,2.0217047205308796e-10
IC36,midlat_S,hann,3024,504,-4,diurnal x4,6.0,6.685598063562212e-11
IC36,polar_N,boxcar,3024,-504,4,diurnal x4,6.0,6.597414099573416e-11
IC36,polar_N,boxcar,3024,-378,3,diurnal x3,8.0,1.0560306211301829e-09
IC36,polar_N,boxcar,3024,-252,2,diurnal x2,12.0,1.9407191252888726e-09
IC36,polar_N,boxcar,3024,-126,1,diurnal,24.0,1.635378186493204e-05
IC36,polar_N,boxcar,3024,-18,0,annual x6,168.0,0.00036914740983190665
IC36,polar_N,boxcar,3024,-15,0,annual x5,201.6,0.0010317914585569897
IC36,polar_N,boxcar,3024,-12,0,annual x4,252.0,0.0007410423641242171
IC36,polar_N,boxcar,3024,-9,0,annual x3,336.0,0.0024021360351784123
IC36,polar_N,boxcar,3024,-6,0,annual x2,504.0,0.0058617421045216445
IC36,polar_N,boxcar,3024,-3,0,annual,1008.0,0.02798558420599729
IC36,polar_N,boxcar,3024,3,0,annual,1008.0,0.027985584205997283
IC36,polar_N,boxcar,3024,6,0,annual x2,504.0,0.0058617421045216445
IC36,polar_N,boxcar,3024,9,0,annual x3,336.0,0.0024021360351784123
IC36,polar_N,boxcar,3024,12,0,annual x4,252.0,0.0007410423641242171
IC36,polar_N,boxcar,3024,15,0,annual x5,201.6,0.0010317914585569908
IC36,polar_N,boxcar,3024,18,0,annual x6,168.0,0.00036914740983190654
IC36,polar_N,boxcar,3024,126,-1,diurnal,24.0,1.635378186493203e-05
IC36,polar_N,boxcar,3024,252,-2,diurnal x2,12.0,1.940719125288886e-09
IC36,polar_N,boxcar,3024,378,-3,diurnal x3,8.0,1.0560306211301752e-09
IC36,polar_N,boxcar,3024,504,-4,diurnal x4,6.0,6.597414099573366e-11
IC36,polar_N,hann,3024,-504,4,diurnal x4,6.0,3.434093488046865e-12
IC36,polar_N,hann,3024,-378,3,diurnal x3,8.0,1.8043803058091578e-12
IC36,polar_N,hann,3024,-252,2,diurnal x2,12.0,3.70410741909891e-11
IC36,polar_N,hann,3024,-126,1,diurnal,24.0,2.030668189692051e-05
IC36,polar_N,hann,3024,-18,0,annual x6,168.0,0.0004983228871340224
IC36,polar_N,hann,3024,-15,0,annual x5,201.6,0.0013543889478077275
IC36,polar_N,hann,3024,-12,0,annual x4,252.0,0.0003270170543907444
IC36,polar_N,hann,3024,-9,0,annual x3,336.0,0.0013370172696209345
IC36,polar_N,hann,3024,-6,0,annual x2,504.0,0.006125178632068252
IC36,polar_N,hann,3024,-3,0,annual,1008.0,0.0022884417131498564
IC36,polar_N,hann,3024,3,0,annual,1008.0,0.0022884417131498573
IC36,polar_N,hann,3024,6,0,annual x2,504.0,0.006125178632068253
IC36,polar_N,hann,3024,9,0,annual x3,336.0,0.0013370172696209352
IC36,polar_N,hann,3024,12,0,annual x4,252.0,0.0003270170543907444
IC36,polar_N,hann,3024,15,0,annual x5,201.6,0.0013543889478077281
IC36,polar_N,hann,3024,18,0,annual x6,168.0,0.0004983228871340225
IC36,polar_N,hann,3024,126,-1,diurnal,24.0,2.0306681896920506e-05
IC36,polar_N,hann,3024,252,-2,diurnal x2,12.0,3.704107419098913e-11
IC36,polar_N,hann,3024,378,-3,diurnal x3,8.0,1.8043803058085659e-12
IC36,polar_N,hann,3024,504,-4,diurnal x4,6.0,3.4340934880467987e-12
IC36,polar_S,boxcar,3024,-504,4,diurnal x4,6.0,1.434635617708512e-09
IC36,polar_S,boxcar,3024,-378,3,diurnal x3,8.0,5.259364076760479e-09
IC36,polar_S,boxcar,3024,-252,2,diurnal x2,12.0,7.977320417144329e-08
IC36,polar_S,boxcar,3024,-126,1,diurnal,24.0,0.00026627953724290616
IC36,polar_S,boxcar,3024,-18,0,annual x6,168.0,0.001710623333825244
IC36,polar_S,boxcar,3024,-15,0,annual x5,201.6,0.004263716818930103
IC36,polar_S,boxcar,3024,-12,0,annual x4,252.0,0.0013761275999205863
IC36,polar_S,boxcar,3024,-9,0,annual x3,336.0,0.0018186646273331516
IC36,polar_S,boxcar,3024,-6,0,annual x2,504.0,0.003815353615210516
IC36,polar_S,boxcar,3024,-3,0,annual,1008.0,0.026014995930624087
IC36,polar_S,boxcar,3024,3,0,annual,1008.0,0.026014995930624087
IC36,polar_S,boxcar,3024,6,0,annual x2,504.0,0.0038153536152105163
IC36,polar_S,boxcar,3024,9,0,annual x3,336.0,0.0018186646273331516
IC36,polar_S,boxcar,3024,12,0,annual x4,252.0,0.0013761275999205865
IC36,polar_S,boxcar,3024,15,0,annual x5,201.6,0.004263716818930106
IC36,polar_S,boxcar,3024,18,0,annual x6,168.0,0.001710623333825244
IC36,polar_S,boxcar,3024,126,-1,diurnal,24.0,0.00026627953724290627
IC36,polar_S,boxcar,3024,252,-2,diurnal x2,12.0,7.97732041714434e-08
IC36,polar_S,boxcar,3024,378,-3,diurnal x3,8.0,5.259364076760523e-09
IC36,polar_S,boxcar,3024,504,-4,diurnal x4,6.0,1.4346356177085158e-09
IC36,polar_S,hann,3024,-504,4,diurnal x4,6.0,1.0727649819054051e-10
IC36,polar_S,hann,3024,-378,3,diurnal x3,8.0,1.6976809710484975e-10
IC36,polar_S,hann,3024,-252,2,diurnal x2,12.0,2.906243590539682e-10
IC36,polar_S,hann,3024,-126,1,diurnal,24.0,0.0002965736847237206
IC36,polar_S,hann,3024,-18,0,annual x6,168.0,0.0008247739228701757
IC36,polar_S,hann,3024,-15,0,annual x5,201.6,0.0009967652601634042
IC36,polar_S,hann,3024,-12,0,annual x4,252.0,0.0012905262284680483
IC36,polar_S,hann,3024,-9,0,annual x3,336.0,4.842142878088276e-05
IC36,polar_S,hann,3024,-6,0,annual x2,504.0,0.0042223835121087926
IC36,polar_S,hann,3024,-3,0,annual,1008.0,0.004826234272580696
IC36,polar_S,hann,3024,3,0,annual,1008.0,0.004826234272580698
IC36,polar_S,hann,3024,6,0,annual x2,504.0,0.004222383512108792
IC36,polar_S,hann,3024,9,0,annual x3,336.0,4.8421428780882785e-05
IC36,polar_S,hann,3024,12,0,annual x4,252.0,0.0012905262284680485
IC36,polar_S,hann,3024,15,0,annual x5,201.6,0.0009967652601634049
IC36,polar_S,hann,3024,18,0,annual x6,168.0,0.0008247739228701761
IC36,polar_S,hann,3024,126,-1,diurnal,24.0,0.0002965736847237207
IC36,polar_S,hann,3024,252,-2,diurnal x2,12.0,2.9062435905397867e-10
IC36,polar_S,hann,3024,378,-3,diurnal x3,8.0,1.6976809710485156e-10
IC36,polar_S,hann,3024,504,-4,diurnal x4,6.0,1.072764981905419e-10
IC36,global,boxcar,3024,-504,4,diurnal x4,6.0,2.029178643513784e-09
IC36,global,boxcar,3024,-378,3,diurnal x3,8.0,8.311649047424826e-09
IC36,global,boxcar,3024,-252,2,diurnal x2,12.0,4.901571789305491e-08
IC36,global,boxcar,3024,-126,1,diurnal,24.0,0.0005683231861199164
IC36,global,boxcar,3024,-18,0,annual x6,168.0,0.00047661223142378363
IC36,global,boxcar,3024,-15,0,annual x5,201.6,0.0009126549716839982
IC36,global,boxcar,3024,-12,0,annual x4,252.0,0.0006346333833071521
IC36,global,boxcar,3024,-9,0,annual x3,336.0,0.0025975180006042745
IC36,global,boxcar,3024,-6,0,annual x2,504.0,0.00398261748075966
IC36,global,boxcar,3024,-3,0,annual,1008.0,0.017918357823760844
IC36,global,boxcar,3024,3,0,annual,1008.0,0.017918357823760844
IC36,global,boxcar,3024,6,0,annual x2,504.0,0.00398261748075966
IC36,global,boxcar,3024,9,0,annual x3,336.0,0.0025975180006042745
IC36,global,boxcar,3024,12,0,annual x4,252.0,0.0006346333833071521
IC36,global,boxcar,3024,15,0,annual x5,201.6,0.0009126549716839987
IC36,global,boxcar,3024,18,0,annual x6,168.0,0.0004766122314237838
IC36,global,boxcar,3024,126,-1,diurnal,24.0,0.0005683231861199164
IC36,global,boxcar,3024,252,-2,diurnal x2,12.0,4.901571789305486e-08
IC36,global,boxcar,3024,378,-3,diurnal x3,8.0,8.3116490474248e-09
IC36,global,boxcar,3024,504,-4,diurnal x4,6.0,2.0291786435137714e-09
IC36,global,hann,3024,-504,4,diurnal x4,6.0,7.266179557285589e-11
IC36,global,hann,3024,-378,3,diurnal x3,8.0,1.0899412289730397e-10
IC36,global,hann,3024,-252,2,diurnal x2,12.0,2.583139747006681e-10
IC36,global,hann,3024,-126,1,diurnal,24.0,0.0005470239369341895
IC36,global,hann,3024,-18,0,annual x6,168.0,0.0002348925412793817
IC36,global,hann,3024,-15,0,annual x5,201.6,0.0005637966135281206
IC36,global,hann,3024,-12,0,annual x4,252.0,0.00019694740258058136
IC36,global,hann,3024,-9,0,annual x3,336.0,0.0005735291510644562
IC36,global,hann,3024,-6,0,annual x2,504.0,0.002306358648617801
IC36,global,hann,3024,-3,0,annual,1008.0,0.0012650664648815985
IC36,global,hann,3024,3,0,annual,1008.0,0.001265066464881599
IC36,global,hann,3024,6,0,annual x2,504.0,0.0023063586486178015
IC36,global,hann,3024,9,0,annual x3,336.0,0.0005735291510644567
IC36,global,hann,3024,12,0,annual x4,252.0,0.0001969474025805814
IC36,global,hann,3024,15,0,annual x5,201.6,0.0005637966135281209
IC36,global,hann,3024,18,0,annual x6,168.0,0.00023489254127938175
IC36,global,hann,3024,126,-1,diurnal,24.0,0.0005470239369341897
IC36,global,hann,3024,252,-2,diurnal x2,12.0,2.5831397470067625e-10
IC36,global,hann,3024,378,-3,diurnal x3,8.0,1.0899412289730332e-10
IC36,global,hann,3024,504,-4,diurnal x4,6.0,7.266179557285631e-11
IC37,tropics,boxcar,3024,-504,4,diurnal x4,6.0,6.735688054514284e-10
IC37,tropics,boxcar,3024,-378,3,diurnal x3,8.0,4.992119387877869e-09
IC37,tropics,boxcar,3024,-252,2,diurnal x2,12.0,1.7209412579761777e-08
IC37,tropics,boxcar,3024,-126,1,diurnal,24.0,0.013212553262313586
IC37,tropics,boxcar,3024,-18,0,annual x6,168.0,0.0006954634205299912
IC37,tropics,boxcar,3024,-15,0,annual x5,201.6,0.00118268510898575
IC37,tropics,boxcar,3024,-12,0,annual x4,252.0,0.0017722366154094746
IC37,tropics,boxcar,3024,-9,0,annual x3,336.0,0.0023832555452063618
IC37,tropics,boxcar,3024,-6,0,annual x2,504.0,0.005704920844380894
IC37,tropics,boxcar,3024,-3,0,annual,1008.0,0.020443041490417875
IC37,tropics,boxcar,3024,3,0,annual,1008.0,0.02044304149041788
IC37,tropics,boxcar,3024,6,0,annual x2,504.0,0.0057049208443808955
IC37,tropics,boxcar,3024,9,0,annual x3,336.0,0.002383255545206361
IC37,tropics,boxcar,3024,12,0,annual x4,252.0,0.001772236615409475
IC37,tropics,boxcar,3024,15,0,annual x5,201.6,0.001182685108985751
IC37,tropics,boxcar,3024,18,0,annual x6,168.0,0.0006954634205299914
IC37,tropics,boxcar,3024,126,-1,diurnal,24.0,0.013212553262313588
IC37,tropics,boxcar,3024,252,-2,diurnal x2,12.0,1.7209412579761813e-08
IC37,tropics,boxcar,3024,378,-3,diurnal x3,8.0,4.992119387877873e-09
IC37,tropics,boxcar,3024,504,-4,diurnal x4,6.0,6.735688054514219e-10
IC37,tropics,hann,3024,-504,4,diurnal x4,6.0,1.0274533402956656e-10
IC37,tropics,hann,3024,-378,3,diurnal x3,8.0,2.8452824691959394e-10
IC37,tropics,hann,3024,-252,2,diurnal x2,12.0,3.8556137192458476e-09
IC37,tropics,hann,3024,-126,1,diurnal,24.0,0.016147204040753885
IC37,tropics,hann,3024,-18,0,annual x6,168.0,2.1666128247611243e-05
IC37,tropics,hann,3024,-15,0,annual x5,201.6,9.116108865662557e-05
IC37,tropics,hann,3024,-12,0,annual x4,252.0,5.350217447358113e-05
IC37,tropics,hann,3024,-9,0,annual x3,336.0,3.676668254416987e-05
IC37,tropics,hann,3024,-6,0,annual x2,504.0,8.155457459818586e-05
IC37,tropics,hann,3024,-3,0,annual,1008.0,0.000579799910529308
IC37,tropics,hann,3024,3,0,annual,1008.0,0.0005797999105293087
IC37,tropics,hann,3024,6,0,annual x2,504.0,8.155457459818587e-05
IC37,tropics,hann,3024,9,0,annual x3,336.0,3.676668254416984e-05
IC37,tropics,hann,3024,12,0,annual x4,252.0,5.350217447358115e-05
IC37,tropics,hann,3024,15,0,annual x5,201.6,9.116108865662566e-05
IC37,tropics,hann,3024,18,0,annual x6,168.0,2.1666128247611243e-05
IC37,tropics,hann,3024,126,-1,diurnal,24.0,0.016147204040753888
IC37,tropics,hann,3024,252,-2,diurnal x2,12.0,3.855613719245793e-09
IC37,tropics,hann,3024,378,-3,diurnal x3,8.0,2.8452824691959373e-10
IC37,tropics,hann,3024,504,-4,diurnal x4,6.0,1.0274533402956834e-10
IC37,midlat_N,boxcar,3024,-504,4,diurnal x4,6.0,8.112618231374463e-10
IC37,midlat_N,boxcar,3024,-378,3,diurnal x3,8.0,2.023967549295374e-08
IC37,midlat_N,boxcar,3024,-252,2,diurnal x2,12.0,2.8605943824346225e-08
IC37,midlat_N,boxcar,3024,-126,1,diurnal,24.0,0.0008917898037329398
IC37,midlat_N,boxcar,3024,-18,0,annual x6,168.0,0.0005897292041221002
IC37,midlat_N,boxcar,3024,-15,0,annual x5,201.6,0.001388927724908365
IC37,midlat_N,boxcar,3024,-12,0,annual x4,252.0,0.001279081305166349
IC37,midlat_N,boxcar,3024,-9,0,annual x3,336.0,0.001786666563435903
IC37,midlat_N,boxcar,3024,-6,0,annual x2,504.0,0.0031130802840381297
IC37,midlat_N,boxcar,3024,-3,0,annual,1008.0,0.013121559206750094
IC37,midlat_N,boxcar,3024,3,0,annual,1008.0,0.013121559206750094
IC37,midlat_N,boxcar,3024,6,0,annual x2,504.0,0.0031130802840381305
IC37,midlat_N,boxcar,3024,9,0,annual x3,336.0,0.001786666563435903
IC37,midlat_N,boxcar,3024,12,0,annual x4,252.0,0.0012790813051663493
IC37,midlat_N,boxcar,3024,15,0,annual x5,201.6,0.0013889277249083656
IC37,midlat_N,boxcar,3024,18,0,annual x6,168.0,0.0005897292041221004
IC37,midlat_N,boxcar,3024,126,-1,diurnal,24.0,0.0008917898037329397
IC37,midlat_N,boxcar,3024,252,-2,diurnal x2,12.0,2.860594382434627e-08
IC37,midlat_N,boxcar,3024,378,-3,diurnal x3,8.0,2.023967549295363e-08
IC37,midlat_N,boxcar,3024,504,-4,diurnal x4,6.0,8.112618231374482e-10
IC37,midlat_N,hann,3024,-504,4,diurnal x4,6.0,1.8435008411121923e-10
IC37,midlat_N,hann,3024,-378,3,diurnal x3,8.0,3.100829781841842e-11
IC37,midlat_N,hann,3024,-252,2,diurnal x2,12.0,1.0393148103837284e-09
IC37,midlat_N,hann,3024,-126,1,diurnal,24.0,0.000941402150148609
IC37,midlat_N,hann,3024,-18,0,annual x6,168.0,7.158205133208904e-05
IC37,midlat_N,hann,3024,-15,0,annual x5,201.6,0.0004721903708203165
IC37,midlat_N,hann,3024,-12,0,annual x4,252.0,0.00010468973457472333
IC37,midlat_N,hann,3024,-9,0,annual x3,336.0,0.000360451772215906
IC37,midlat_N,hann,3024,-6,0,annual x2,504.0,0.00025568120837410937
IC37,midlat_N,hann,3024,-3,0,annual,1008.0,0.0019033010622516052
IC37,midlat_N,hann,3024,3,0,annual,1008.0,0.0019033010622516065
IC37,midlat_N,hann,3024,6,0,annual x2,504.0,0.00025568120837410937
IC37,midlat_N,hann,3024,9,0,annual x3,336.0,0.000360451772215906
IC37,midlat_N,hann,3024,12,0,annual x4,252.0,0.00010468973457472334
IC37,midlat_N,hann,3024,15,0,annual x5,201.6,0.00047219037082031666
IC37,midlat_N,hann,3024,18,0,annual x6,168.0,7.15820513320891e-05
IC37,midlat_N,hann,3024,126,-1,diurnal,24.0,0.000941402150148609
IC37,midlat_N,hann,3024,252,-2,diurnal x2,12.0,1.0393148103837842e-09
IC37,midlat_N,hann,3024,378,-3,diurnal x3,8.0,3.1008297818419727e-11
IC37,midlat_N,hann,3024,504,-4,diurnal x4,6.0,1.8435008411122393e-10
IC37,midlat_S,boxcar,3024,-504,4,diurnal x4,6.0,5.722730453600177e-09
IC37,midlat_S,boxcar,3024,-378,3,diurnal x3,8.0,2.8105661854914633e-08
IC37,midlat_S,boxcar,3024,-252,2,diurnal x2,12.0,9.898645468554449e-08
IC37,midlat_S,boxcar,3024,-126,1,diurnal,24.0,0.001407833119009839
IC37,midlat_S,boxcar,3024,-18,0,annual x6,168.0,4.4519427955132423e-05
IC37,midlat_S,boxcar,3024,-15,0,annual x5,201.6,3.832334552914648e-05
IC37,midlat_S,boxcar,3024,-12,0,annual x4,252.0,0.00012475683223638954
IC37,midlat_S,boxcar,3024,-9,0,annual x3,336.0,0.00015295482008430432
IC37,midlat_S,boxcar,3024,-6,0,annual x2,504.0,0.00016826231660952657
IC37,midlat_S,boxcar,3024,-3,0,annual,1008.0,0.0007848514772962772
IC37,midlat_S,boxcar,3024,3,0,annual,1008.0,0.0007848514772962774
IC37,midlat_S,boxcar,3024,6,0,annual x2,504.0,0.0001682623166095267
IC37,midlat_S,boxcar,3024,9,0,annual x3,336.0,0.0001529548200843043
IC37,midlat_S,boxcar,3024,12,0,annual x4,252.0,0.00012475683223638957
IC37,midlat_S,boxcar,3024,15,0,annual x5,201.6,3.832334552914652e-05
IC37,midlat_S,boxcar,3024,18,0,annual x6,168.0,4.4519427955132444e-05
IC37,midlat_S,boxcar,3024,126,-1,diurnal,24.0,0.001407833119009839
IC37,midlat_S,boxcar,3024,252,-2,diurnal x2,12.0,9.898645468554442e-08
IC37,midlat_S,boxcar,3024,378,-3,diurnal x3,8.0,2.8105661854914554e-08
IC37,midlat_S,boxcar,3024,504,-4,diurnal x4,6.0,5.7227304536001476e-09
IC37,midlat_S,hann,3024,-504,4,diurnal x4,6.0,2.5670077670807933e-11
IC37,midlat_S,hann,3024,-378,3,diurnal x3,8.0,3.423226463283152e-11
IC37,midlat_S,hann,3024,-252,2,diurnal x2,12.0,2.3858171204853583e-10
IC37,midlat_S,hann,3024,-126,1,diurnal,24.0,0.0007874410804677028
IC37,midlat_S,hann,3024,-18,0,annual x6,168.0,2.420313472887442e-05
IC37,midlat_S,hann,3024,-15,0,annual x5,201.6,3.3696173304262865e-05
IC37,midlat_S,hann,3024,-12,0,annual x4,252.0,0.00016112618875747828
IC37,midlat_S,hann,3024,-9,0,annual x3,336.0,8.410787970207118e-05
IC37,midlat_S,hann,3024,-6,0,annual x2,504.0,0.000295854843895349
IC37,midlat_S,hann,3024,-3,0,annual,1008.0,0.0002680491329692487
IC37,midlat_S,hann,3024,3,0,annual,1008.0,0.0002680491329692489
IC37,midlat_S,hann,3024,6,0,annual x2,504.0,0.00029585484389534896
IC37,midlat_S,hann,3024,9,0,annual x3,336.0,8.410787970207121e-05
IC37,midlat_S,hann,3024,12,0,annual x4,252.0,0.0001611261887574783
IC37,midlat_S,hann,3024,15,0,annual x5,201.6,3.3696173304262865e-05
IC37,midlat_S,hann,3024,18,0,annual x6,168.0,2.4203134728874428e-05
IC37,midlat_S,hann,3024,126,-1,diurnal,24.0,0.0007874410804677029
IC37,midlat_S,hann,3024,252,-2,diurnal x2,12.0,2.385817120485272e-10
IC37,midlat_S,hann,3024,378,-3,diurnal x3,8.0,3.4232264632833464e-11
IC37,midlat_S,hann,3024,504,-4,diurnal x4,6.0,2.5670077670807533e-11
IC37,polar_N,boxcar,3024,-504,4,diurnal x4,6.0,1.9545832058535914e-10
IC37,polar_N,boxcar,3024,-378,3,diurnal x3,8.0,3.0746339533060335e-09
IC37,polar_N,boxcar,3024,-252,2,diurnal x2,12.0,4.350272587144333e-08
IC37,polar_N,boxcar,3024,-126,1,diurnal,24.0,4.8864453616353645e-05
IC37,polar_N,boxcar,3024,-18,0,annual x6,168.0,0.0003882006780572682
IC37,polar_N,boxcar,3024,-15,0,annual x5,201.6,0.0019395791912658104
IC37,polar_N,boxcar,3024,-12,0,annual x4,252.0,0.006777512516943137
IC37,polar_N,boxcar,3024,-9,0,annual x3,336.0,0.0028398969819114516
IC37,polar_N,boxcar,3024,-6,0,annual x2,504.0,0.01645147185852665
IC37,polar_N,boxcar,3024,-3,0,annual,1008.0,0.01373876988100343
IC37,polar_N,boxcar,3024,3,0,annual,1008.0,0.01373876988100343
IC37,polar_N,boxcar,3024,6,0,annual x2,504.0,0.01645147185852665
IC37,polar_N,boxcar,3024,9,0,annual x3,336.0,0.002839896981911452
IC37,polar_N,boxcar,3024,12,0,annual x4,252.0,0.006777512516943139
IC37,polar_N,boxcar,3024,15,0,annual x5,201.6,0.0019395791912658123
IC37,polar_N,boxcar,3024,18,0,annual x6,168.0,0.00038820067805726827
IC37,polar_N,boxcar,3024,126,-1,diurnal,24.0,4.886445361635367e-05
IC37,polar_N,boxcar,3024,252,-2,diurnal x2,12.0,4.350272587144338e-08
IC37,polar_N,boxcar,3024,378,-3,diurnal x3,8.0,3.07463395330601e-09
IC37,polar_N,boxcar,3024,504,-4,diurnal x4,6.0,1.954583205853589e-10
IC37,polar_N,hann,3024,-504,4,diurnal x4,6.0,4.428824391636076e-12
IC37,polar_N,hann,3024,-378,3,diurnal x3,8.0,8.859991721812941e-12
IC37,polar_N,hann,3024,-252,2,diurnal x2,12.0,7.933388640134257e-11
IC37,polar_N,hann,3024,-126,1,diurnal,24.0,6.917400568330922e-05
IC37,polar_N,hann,3024,-18,0,annual x6,168.0,0.00017855908191032608
IC37,polar_N,hann,3024,-15,0,annual x5,201.6,0.0010347532757758076
IC37,polar_N,hann,3024,-12,0,annual x4,252.0,0.0068987695955621976
IC37,polar_N,hann,3024,-9,0,annual x3,336.0,0.005219440472710548
IC37,polar_N,hann,3024,-6,0,annual x2,504.0,0.00034314364112784435
IC37,polar_N,hann,3024,-3,0,annual,1008.0,0.0040283565259899975
IC37,polar_N,hann,3024,3,0,annual,1008.0,0.00402835652599
IC37,polar_N,hann,3024,6,0,annual x2,504.0,0.0003431436411278444
IC37,polar_N,hann,3024,9,0,annual x3,336.0,0.0052194404727105475
IC37,polar_N,hann,3024,12,0,annual x4,252.0,0.006898769595562198
IC37,polar_N,hann,3024,15,0,annual x5,201.6,0.0010347532757758078
IC37,polar_N,hann,3024,18,0,annual x6,168.0,0.00017855908191032605
IC37,polar_N,hann,3024,126,-1,diurnal,24.0,6.917400568330924e-05
IC37,polar_N,hann,3024,252,-2,diurnal x2,12.0,7.933388640134093e-11
IC37,polar_N,hann,3024,378,-3,diurnal x3,8.0,8.85999172181301e-12
IC37,polar_N,hann,3024,504,-4,diurnal x4,6.0,4.428824391635783e-12
IC37,polar_S,boxcar,3024,-504,4,diurnal x4,6.0,1.5064105900961888e-09
IC37,polar_S,boxcar,3024,-378,3,diurnal x3,8.0,1.209931713741385e-08
IC37,polar_S,boxcar,3024,-252,2,diurnal x2,12.0,1.6290544351569124e-07
IC37,polar_S,boxcar,3024,-126,1,diurnal,24.0,0.0006162277777137766
IC37,polar_S,boxcar,3024,-18,0,annual x6,168.0,0.00040507205748740093
IC37,polar_S,boxcar,3024,-15,0,annual x5,201.6,0.0005732209944667911
IC37,polar_S,boxcar,3024,-12,0,annual x4,252.0,0.0010153936299275102
IC37,polar_S,boxcar,3024,-9,0,annual x3,336.0,0.00024816255869791753
IC37,polar_S,boxcar,3024,-6,0,annual x2,504.0,0.010122213998375585
IC37,polar_S,boxcar,3024,-3,0,annual,1008.0,0.04283895444366941
IC37,polar_S,boxcar,3024,3,0,annual,1008.0,0.04283895444366942
IC37,polar_S,boxcar,3024,6,0,annual x2,504.0,0.01012221399837559
IC37,polar_S,boxcar,3024,9,0,annual x3,336.0,0.0002481625586979174
IC37,polar_S,boxcar,3024,12,0,annual x4,252.0,0.0010153936299275102
IC37,polar_S,boxcar,3024,15,0,annual x5,201.6,0.0005732209944667917
IC37,polar_S,boxcar,3024,18,0,annual x6,168.0,0.0004050720574874008
IC37,polar_S,boxcar,3024,126,-1,diurnal,24.0,0.0006162277777137766
IC37,polar_S,boxcar,3024,252,-2,diurnal x2,12.0,1.629054435156906e-07
IC37,polar_S,boxcar,3024,378,-3,diurnal x3,8.0,1.209931713741372e-08
IC37,polar_S,boxcar,3024,504,-4,diurnal x4,6.0,1.5064105900961764e-09
IC37,polar_S,hann,3024,-504,4,diurnal x4,6.0,1.8017957381658375e-10
IC37,polar_S,hann,3024,-378,3,diurnal x3,8.0,7.964437872415188e-11
IC37,polar_S,hann,3024,-252,2,diurnal x2,12.0,1.6355161462414648e-10
IC37,polar_S,hann,3024,-126,1,diurnal,24.0,0.000537340888091085
IC37,polar_S,hann,3024,-18,0,annual x6,168.0,0.00020936914765682608
IC37,polar_S,hann,3024,-15,0,annual x5,201.6,0.0002703836920429957
IC37,polar_S,hann,3024,-12,0,annual x4,252.0,0.00029366320122364874
IC37,polar_S,hann,3024,-9,0,annual x3,336.0,0.0023007388354387014
IC37,polar_S,hann,3024,-6,0,annual x2,504.0,0.002236614102731887
IC37,polar_S,hann,3024,-3,0,annual,1008.0,0.006912451119351364
IC37,polar_S,hann,3024,3,0,annual,1008.0,0.006912451119351364
IC37,polar_S,hann,3024,6,0,annual x2,504.0,0.0022366141027318873
IC37,polar_S,hann,3024,9,0,annual x3,336.0,0.0023007388354387014
IC37,polar_S,hann,3024,12,0,annual x4,252.0,0.0002936632012236489
IC37,polar_S,hann,3024,15,0,annual x5,201.6,0.0002703836920429957
IC37,polar_S,hann,3024,18,0,annual x6,168.0,0.00020936914765682616
IC37,polar_S,hann,3024,126,-1,diurnal,24.0,0.0005373408880910851
IC37,polar_S,hann,3024,252,-2,diurnal x2,12.0,1.6355161462416245e-10
IC37,polar_S,hann,3024,378,-3,diurnal x3,8.0,7.964437872415411e-11
IC37,polar_S,hann,3024,504,-4,diurnal x4,6.0,1.8017957381658355e-10
IC37,global,boxcar,3024,-504,4,diurnal x4,6.0,1.5585302764968268e-09
IC37,global,boxcar,3024,-378,3,diurnal x3,8.0,1.3976435897756645e-08
IC37,global,boxcar,3024,-252,2,diurnal x2,12.0,5.202947152630692e-08
IC37,global,boxcar,3024,-126,1,diurnal,24.0,0.0015386907487653764
IC37,global,boxcar,3024,-18,0,annual x6,168.0,0.0004081571588610928
IC37,global,boxcar,3024,-15,0,annual x5,201.6,0.0012864875796376684
IC37,global,boxcar,3024,-12,0,annual x4,252.0,0.0031385992563055633
IC37,global,boxcar,3024,-9,0,annual x3,336.0,0.0018477415667013345
IC37,global,boxcar,3024,-6,0,annual x2,504.0,0.007970769401988945
IC37,global,boxcar,3024,-3,0,annual,1008.0,0.012526620549889098
IC37,global,boxcar,3024,3,0,annual,1008.0,0.012526620549889098
IC37,global,boxcar,3024,6,0,annual x2,504.0,0.007970769401988946
IC37,global,boxcar,3024,9,0,annual x3,336.0,0.0018477415667013345
IC37,global,boxcar,3024,12,0,annual x4,252.0,0.0031385992563055637
IC37,global,boxcar,3024,15,0,annual x5,201.6,0.0012864875796376692
IC37,global,boxcar,3024,18,0,annual x6,168.0,0.000408157158861093
IC37,global,boxcar,3024,126,-1,diurnal,24.0,0.0015386907487653764
IC37,global,boxcar,3024,252,-2,diurnal x2,12.0,5.202947152630692e-08
IC37,global,boxcar,3024,378,-3,diurnal x3,8.0,1.397643589775658e-08
IC37,global,boxcar,3024,504,-4,diurnal x4,6.0,1.5585302764968206e-09
IC37,global,hann,3024,-504,4,diurnal x4,6.0,7.797892763677646e-11
IC37,global,hann,3024,-378,3,diurnal x3,8.0,4.252496379851894e-11
IC37,global,hann,3024,-252,2,diurnal x2,12.0,6.380146587504458e-10
IC37,global,hann,3024,-126,1,diurnal,24.0,0.001504599724089774
IC37,global,hann,3024,-18,0,annual x6,168.0,8.690602197295831e-05
IC37,global,hann,3024,-15,0,annual x5,201.6,0.00044528080954548104
IC37,global,hann,3024,-12,0,annual x4,252.0,0.00194568815095917
IC37,global,hann,3024,-9,0,annual x3,336.0,0.0016262007652104245
IC37,global,hann,3024,-6,0,annual x2,504.0,0.00036180640060503845
IC37,global,hann,3024,-3,0,annual,1008.0,0.002045814654173195
IC37,global,hann,3024,3,0,annual,1008.0,0.0020458146541731965
IC37,global,hann,3024,6,0,annual x2,504.0,0.00036180640060503856
IC37,global,hann,3024,9,0,annual x3,336.0,0.001626200765210424
IC37,global,hann,3024,12,0,annual x4,252.0,0.0019456881509591702
IC37,global,hann,3024,15,0,annual x5,201.6,0.00044528080954548115
IC37,global,hann,3024,18,0,annual x6,168.0,8.690602197295831e-05
IC37,global,hann,3024,126,-1,diurnal,24.0,0.0015045997240897742
IC37,global,hann,3024,252,-2,diurnal x2,12.0,6.380146587504567e-10
IC37,global,hann,3024,378,-3,diurnal x3,8.0,4.252496379852009e-11
IC37,global,hann,3024,504,-4,diurnal x4,6.0,7.797892763677772e-11
IC38,tropics,boxcar,3024,-504,4,diurnal x4,6.0,6.669084161935691e-10
IC38,tropics,boxcar,3024,-378,3,diurnal x3,8.0,3.839398510667663e-09
IC38,tropics,boxcar,3024,-252,2,diurnal x2,12.0,1.675558108828317e-08
IC38,tropics,boxcar,3024,-126,1,diurnal,24.0,0.007966777833266521
IC38,tropics,boxcar,3024,-18,0,annual x6,168.0,0.0009229976037371095
IC38,tropics,boxcar,3024,-15,0,annual x5,201.6,0.0018704771721328756
IC38,tropics,boxcar,3024,-12,0,annual x4,252.0,0.0015663486490689695
IC38,tropics,boxcar,3024,-9,0,annual x3,336.0,0.002820265286606071
IC38,tropics,boxcar,3024,-6,0,annual x2,504.0,0.007480773974930827
IC38,tropics,boxcar,3024,-3,0,annual,1008.0,0.03127323354015299
IC38,tropics,boxcar,3024,3,0,annual,1008.0,0.031273233540152975
IC38,tropics,boxcar,3024,6,0,annual x2,504.0,0.007480773974930828
IC38,tropics,boxcar,3024,9,0,annual x3,336.0,0.002820265286606071
IC38,tropics,boxcar,3024,12,0,annual x4,252.0,0.0015663486490689698
IC38,tropics,boxcar,3024,15,0,annual x5,201.6,0.0018704771721328765
IC38,tropics,boxcar,3024,18,0,annual x6,168.0,0.0009229976037371097
IC38,tropics,boxcar,3024,126,-1,diurnal,24.0,0.007966777833266525
IC38,tropics,boxcar,3024,252,-2,diurnal x2,12.0,1.675558108828317e-08
IC38,tropics,boxcar,3024,378,-3,diurnal x3,8.0,3.8393985106677126e-09
IC38,tropics,boxcar,3024,504,-4,diurnal x4,6.0,6.669084161935705e-10
IC38,tropics,hann,3024,-504,4,diurnal x4,6.0,1.2184334348315249e-10
IC38,tropics,hann,3024,-378,3,diurnal x3,8.0,2.6590536235980725e-09
IC38,tropics,hann,3024,-252,2,diurnal x2,12.0,1.0614548447502747e-09
IC38,tropics,hann,3024,-126,1,diurnal,24.0,0.011220601681902254
IC38,tropics,hann,3024,-18,0,annual x6,168.0,4.169286489420367e-05
IC38,tropics,hann,3024,-15,0,annual x5,201.6,0.0001210163953314705
IC38,tropics,hann,3024,-12,0,annual x4,252.0,8.321111511654264e-05
IC38,tropics,hann,3024,-9,0,annual x3,336.0,7.024862376450531e-05
IC38,tropics,hann,3024,-6,0,annual x2,504.0,0.0001302944597951943
IC38,tropics,hann,3024,-3,0,annual,1008.0,0.00046697164706851194
IC38,tropics,hann,3024,3,0,annual,1008.0,0.0004669716470685125
IC38,tropics,hann,3024,6,0,annual x2,504.0,0.00013029445979519436
IC38,tropics,hann,3024,9,0,annual x3,336.0,7.024862376450535e-05
IC38,tropics,hann,3024,12,0,annual x4,252.0,8.321111511654265e-05
IC38,tropics,hann,3024,15,0,annual x5,201.6,0.00012101639533147062
IC38,tropics,hann,3024,18,0,annual x6,168.0,4.1692864894203673e-05
IC38,tropics,hann,3024,126,-1,diurnal,24.0,0.011220601681902255
IC38,tropics,hann,3024,252,-2,diurnal x2,12.0,1.0614548447502006e-09
IC38,tropics,hann,3024,378,-3,diurnal x3,8.0,2.659053623598035e-09
IC38,tropics,hann,3024,504,-4,diurnal x4,6.0,1.2184334348315042e-10
IC38,midlat_N,boxcar,3024,-504,4,diurnal x4,6.0,6.547905595671276e-09
IC38,midlat_N,boxcar,3024,-378,3,diurnal x3,8.0,3.0954556706218214e-09
IC38,midlat_N,boxcar,3024,-252,2,diurnal x2,12.0,4.5344204767765153e-08
IC38,midlat_N,boxcar,3024,-126,1,diurnal,24.0,0.00030263902714468076
IC38,midlat_N,boxcar,3024,-18,0,annual x6,168.0,0.0006228274949588478
IC38,midlat_N,boxcar,3024,-15,0,annual x5,201.6,0.001349177800407137
IC38,midlat_N,boxcar,3024,-12,0,annual x4,252.0,0.0012329910338605486
IC38,midlat_N,boxcar,3024,-9,0,annual x3,336.0,0.0013522876059524924
IC38,midlat_N,boxcar,3024,-6,0,annual x2,504.0,0.004146241882056874
IC38,midlat_N,boxcar,3024,-3,0,annual,1008.0,0.023717219280787676
IC38,midlat_N,boxcar,3024,3,0,annual,1008.0,0.02371721928078768
IC38,midlat_N,boxcar,3024,6,0,annual x2,504.0,0.004146241882056874
IC38,midlat_N,boxcar,3024,9,0,annual x3,336.0,0.0013522876059524924
IC38,midlat_N,boxcar,3024,12,0,annual x4,252.0,0.0012329910338605486
IC38,midlat_N,boxcar,3024,15,0,annual x5,201.6,0.0013491778004071384
IC38,midlat_N,boxcar,3024,18,0,annual x6,168.0,0.0006228274949588478
IC38,midlat_N,boxcar,3024,126,-1,diurnal,24.0,0.00030263902714468087
IC38,midlat_N,boxcar,3024,252,-2,diurnal x2,12.0,4.534420476776504e-08
IC38,midlat_N,boxcar,3024,378,-3,diurnal x3,8.0,3.0954556706218768e-09
IC38,midlat_N,boxcar,3024,504,-4,diurnal x4,6.0,6.547905595671268e-09
IC38,midlat_N,hann,3024,-504,4,diurnal x4,6.0,7.80567435928349e-11
IC38,midlat_N,hann,3024,-378,3,diurnal x3,8.0,1.9692151624081934e-10
IC38,midlat_N,hann,3024,-252,2,diurnal x2,12.0,2.330892107388141e-10
IC38,midlat_N,hann,3024,-126,1,diurnal,24.0,0.0003899254654218975
IC38,midlat_N,hann,3024,-18,0,annual x6,168.0,2.95142238086967e-05
IC38,midlat_N,hann,3024,-15,0,annual x5,201.6,0.0001092045078251838
IC38,midlat_N,hann,3024,-12,0,annual x4,252.0,3.572504318409684e-05
IC38,midlat_N,hann,3024,-9,0,annual x3,336.0,0.0003885513481902897
IC38,midlat_N,hann,3024,-6,0,annual x2,504.0,0.0003676718430466599
IC38,midlat_N,hann,3024,-3,0,annual,1008.0,0.0007393871446201415
IC38,midlat_N,hann,3024,3,0,annual,1008.0,0.0007393871446201419
IC38,midlat_N,hann,3024,6,0,annual x2,504.0,0.00036767184304666
IC38,midlat_N,hann,3024,9,0,annual x3,336.0,0.0003885513481902898
IC38,midlat_N,hann,3024,12,0,annual x4,252.0,3.5725043184096836e-05
IC38,midlat_N,hann,3024,15,0,annual x5,201.6,0.00010920450782518387
IC38,midlat_N,hann,3024,18,0,annual x6,168.0,2.951422380869672e-05
IC38,midlat_N,hann,3024,126,-1,diurnal,24.0,0.0003899254654218976
IC38,midlat_N,hann,3024,252,-2,diurnal x2,12.0,2.330892107388131e-10
IC38,midlat_N,hann,3024,378,-3,diurnal x3,8.0,1.9692151624081805e-10
IC38,midlat_N,hann,3024,504,-4,diurnal x4,6.0,7.80567435928329e-11
IC38,midlat_S,boxcar,3024,-504,4,diurnal x4,6.0,2.3529731142200836e-09
IC38,midlat_S,boxcar,3024,-378,3,diurnal x3,8.0,1.3354194624578192e-08
IC38,midlat_S,boxcar,3024,-252,2,diurnal x2,12.0,9.789737310097526e-08
IC38,midlat_S,boxcar,3024,-126,1,diurnal,24.0,0.0009382588986309008
IC38,midlat_S,boxcar,3024,-18,0,annual x6,168.0,6.654863151654153e-05
IC38,midlat_S,boxcar,3024,-15,0,annual x5,201.6,0.0004911704812200765
IC38,midlat_S,boxcar,3024,-12,0,annual x4,252.0,0.00016907359746808464
IC38,midlat_S,boxcar,3024,-9,0,annual x3,336.0,0.00017132761740530685
IC38,midlat_S,boxcar,3024,-6,0,annual x2,504.0,0.0005819626271346243
IC38,midlat_S,boxcar,3024,-3,0,annual,1008.0,0.0012817088099907952
IC38,midlat_S,boxcar,3024,3,0,annual,1008.0,0.0012817088099907952
IC38,midlat_S,boxcar,3024,6,0,annual x2,504.0,0.0005819626271346244
IC38,midlat_S,boxcar,3024,9,0,annual x3,336.0,0.0001713276174053069
IC38,midlat_S,boxcar,3024,12,0,annual x4,252.0,0.00016907359746808466
IC38,midlat_S,boxcar,3024,15,0,annual x5,201.6,0.0004911704812200768
IC38,midlat_S,boxcar,3024,18,0,annual x6,168.0,6.654863151654153e-05
IC38,midlat_S,boxcar,3024,126,-1,diurnal,24.0,0.0009382588986309009
IC38,midlat_S,boxcar,3024,252,-2,diurnal x2,12.0,9.789737310097512e-08
IC38,midlat_S,boxcar,3024,378,-3,diurnal x3,8.0,1.3354194624578228e-08
IC38,midlat_S,boxcar,3024,504,-4,diurnal x4,6.0,2.3529731142200856e-09
IC38,midlat_S,hann,3024,-504,4,diurnal x4,6.0,2.7800234326422876e-11
IC38,midlat_S,hann,3024,-378,3,diurnal x3,8.0,4.76442468305267e-10
IC38,midlat_S,hann,3024,-252,2,diurnal x2,12.0,4.708382619095392e-10
IC38,midlat_S,hann,3024,-126,1,diurnal,24.0,0.0005884850882794874
IC38,midlat_S,hann,3024,-18,0,annual x6,168.0,1.5386849395135605e-05
IC38,midlat_S,hann,3024,-15,0,annual x5,201.6,0.00034061319909661146
IC38,midlat_S,hann,3024,-12,0,annual x4,252.0,8.133774816568993e-05
IC38,midlat_S,hann,3024,-9,0,annual x3,336.0,7.101767905778814e-05
IC38,midlat_S,hann,3024,-6,0,annual x2,504.0,0.00023274603209364785
IC38,midlat_S,hann,3024,-3,0,annual,1008.0,0.0001266765323242275
IC38,midlat_S,hann,3024,3,0,annual,1008.0,0.00012667653232422755
IC38,midlat_S,hann,3024,6,0,annual x2,504.0,0.00023274603209364793
IC38,midlat_S,hann,3024,9,0,annual x3,336.0,7.101767905778815e-05
IC38,midlat_S,hann,3024,12,0,annual x4,252.0,8.133774816568993e-05
IC38,midlat_S,hann,3024,15,0,annual x5,201.6,0.00034061319909661157
IC38,midlat_S,hann,3024,18,0,annual x6,168.0,1.5386849395135612e-05
IC38,midlat_S,hann,3024,126,-1,diurnal,24.0,0.0005884850882794875
IC38,midlat_S,hann,3024,252,-2,diurnal x2,12.0,4.708382619095054e-10
IC38,midlat_S,hann,3024,378,-3,diurnal x3,8.0,4.764424683052745e-10
IC38,midlat_S,hann,3024,504,-4,diurnal x4,6.0,2.7800234326423515e-11
IC38,polar_N,boxcar,3024,-504,4,diurnal x4,6.0,1.21310356984973e-10
IC38,polar_N,boxcar,3024,-378,3,diurnal x3,8.0,3.064692535148629e-10
IC38,polar_N,boxcar,3024,-252,2,diurnal x2,12.0,2.6129390959595216e-08
IC38,polar_N,boxcar,3024,-126,1,diurnal,24.0,1.9706324073918902e-05
IC38,polar_N,boxcar,3024,-18,0,annual x6,168.0,0.0002492387975051126
IC38,polar_N,boxcar,3024,-15,0,annual x5,201.6,0.0020667606522989123
IC38,polar_N,boxcar,3024,-12,0,annual x4,252.0,0.0021889899001424767
IC38,polar_N,boxcar,3024,-9,0,annual x3,336.0,0.004680621401250788
IC38,polar_N,boxcar,3024,-6,0,annual x2,504.0,0.007667016452950354
IC38,polar_N,boxcar,3024,-3,0,annual,1008.0,0.008702847850205508
IC38,polar_N,boxcar,3024,3,0,annual,1008.0,0.00870284785020551
IC38,polar_N,boxcar,3024,6,0,annual x2,504.0,0.0076670164529503565
IC38,polar_N,boxcar,3024,9,0,annual x3,336.0,0.004680621401250791
IC38,polar_N,boxcar,3024,12,0,annual x4,252.0,0.0021889899001424776
IC38,polar_N,boxcar,3024,15,0,annual x5,201.6,0.002066760652298913
IC38,polar_N,boxcar,3024,18,0,annual x6,168.0,0.0002492387975051127
IC38,polar_N,boxcar,3024,126,-1,diurnal,24.0,1.970632407391891e-05
IC38,polar_N,boxcar,3024,252,-2,diurnal x2,12.0,2.6129390959595183e-08
IC38,polar_N,boxcar,3024,378,-3,diurnal x3,8.0,3.0646925351485596e-10
IC38,polar_N,boxcar,3024,504,-4,diurnal x4,6.0,1.2131035698497236e-10
IC38,polar_N,hann,3024,-504,4,diurnal x4,6.0,5.936151024186349e-12
IC38,polar_N,hann,3024,-378,3,diurnal x3,8.0,9.142765705512045e-12
IC38,polar_N,hann,3024,-252,2,diurnal x2,12.0,1.958670612211303e-11
IC38,polar_N,hann,3024,-126,1,diurnal,24.0,2.6449253264302373e-05
IC38,polar_N,hann,3024,-18,0,annual x6,168.0,8.706760045315589e-05
IC38,polar_N,hann,3024,-15,0,annual x5,201.6,0.0022370215789727604
IC38,polar_N,hann,3024,-12,0,annual x4,252.0,0.00037538320914733933
IC38,polar_N,hann,3024,-9,0,annual x3,336.0,0.0029894240264559608
IC38,polar_N,hann,3024,-6,0,annual x2,504.0,0.00615529735840196
IC38,polar_N,hann,3024,-3,0,annual,1008.0,0.010424065549353578
IC38,polar_N,hann,3024,3,0,annual,1008.0,0.010424065549353581
IC38,polar_N,hann,3024,6,0,annual x2,504.0,0.006155297358401962
IC38,polar_N,hann,3024,9,0,annual x3,336.0,0.0029894240264559608
IC38,polar_N,hann,3024,12,0,annual x4,252.0,0.0003753832091473394
IC38,polar_N,hann,3024,15,0,annual x5,201.6,0.0022370215789727617
IC38,polar_N,hann,3024,18,0,annual x6,168.0,8.706760045315582e-05
IC38,polar_N,hann,3024,126,-1,diurnal,24.0,2.6449253264302383e-05
IC38,polar_N,hann,3024,252,-2,diurnal x2,12.0,1.9586706122113907e-11
IC38,polar_N,hann,3024,378,-3,diurnal x3,8.0,9.142765705512053e-12
IC38,polar_N,hann,3024,504,-4,diurnal x4,6.0,5.936151024186269e-12
IC38,polar_S,boxcar,3024,-504,4,diurnal x4,6.0,7.427429199569675e-10
IC38,polar_S,boxcar,3024,-378,3,diurnal x3,8.0,8.232070858943893e-09
IC38,polar_S,boxcar,3024,-252,2,diurnal x2,12.0,1.7814745324374823e-07
IC38,polar_S,boxcar,3024,-126,1,diurnal,24.0,0.0003459494801298697
IC38,polar_S,boxcar,3024,-18,0,annual x6,168.0,0.000667858791253447
IC38,polar_S,boxcar,3024,-15,0,annual x5,201.6,0.0032832154691194953
IC38,polar_S,boxcar,3024,-12,0,annual x4,252.0,0.0018554585159628362
IC38,polar_S,boxcar,3024,-9,0,annual x3,336.0,0.002119603431610157
IC38,polar_S,boxcar,3024,-6,0,annual x2,504.0,0.012227906614260903
IC38,polar_S,boxcar,3024,-3,0,annual,1008.0,0.014235126027689985
IC38,polar_S,boxcar,3024,3,0,annual,1008.0,0.014235126027689985
IC38,polar_S,boxcar,3024,6,0,annual x2,504.0,0.012227906614260906
IC38,polar_S,boxcar,3024,9,0,annual x3,336.0,0.002119603431610157
IC38,polar_S,boxcar,3024,12,0,annual x4,252.0,0.0018554585159628362
IC38,polar_S,boxcar,3024,15,0,annual x5,201.6,0.003283215469119496
IC38,polar_S,boxcar,3024,18,0,annual x6,168.0,0.0006678587912534469
IC38,polar_S,boxcar,3024,126,-1,diurnal,24.0,0.0003459494801298698
IC38,polar_S,boxcar,3024,252,-2,diurnal x2,12.0,1.7814745324374815e-07
IC38,polar_S,boxcar,3024,378,-3,diurnal x3,8.0,8.232070858943957e-09
IC38,polar_S,boxcar,3024,504,-4,diurnal x4,6.0,7.427429199569746e-10
IC38,polar_S,hann,3024,-504,4,diurnal x4,6.0,6.818974540431163e-11
IC38,polar_S,hann,3024,-378,3,diurnal x3,8.0,1.0477782806011251e-10
IC38,polar_S,hann,3024,-252,2,diurnal x2,12.0,3.309698477176262e-10
IC38,polar_S,hann,3024,-126,1,diurnal,24.0,0.00042631077400811905
IC38,polar_S,hann,3024,-18,0,annual x6,168.0,0.00019095862392234648
IC38,polar_S,hann,3024,-15,0,annual x5,201.6,0.004327038111502273
IC38,polar_S,hann,3024,-12,0,annual x4,252.0,0.0008899366728433597
IC38,polar_S,hann,3024,-9,0,annual x3,336.0,0.000577552839289756
IC38,polar_S,hann,3024,-6,0,annual x2,504.0,0.0008049030403331908
IC38,polar_S,hann,3024,-3,0,annual,1008.0,0.0041614565181797595
IC38,polar_S,hann,3024,3,0,annual,1008.0,0.004161456518179763
IC38,polar_S,hann,3024,6,0,annual x2,504.0,0.0008049030403331908
IC38,polar_S,hann,3024,9,0,annual x3,336.0,0.000577552839289756
IC38,polar_S,hann,3024,12,0,annual x4,252.0,0.0008899366728433599
IC38,polar_S,hann,3024,15,0,annual x5,201.6,0.0043270381115022745
IC38,polar_S,hann,3024,18,0,annual x6,168.0,0.0001909586239223466
IC38,polar_S,hann,3024,126,-1,diurnal,24.0,0.0004263107740081192
IC38,polar_S,hann,3024,252,-2,diurnal x2,12.0,3.3096984771760474e-10
IC38,polar_S,hann,3024,378,-3,diurnal x3,8.0,1.0477782806011905e-10
IC38,polar_S,hann,3024,504,-4,diurnal x4,6.0,6.818974540431224e-11
IC38,global,boxcar,3024,-504,4,diurnal x4,6.0,3.0956671800219457e-09
IC38,global,boxcar,3024,-378,3,diurnal x3,8.0,3.6147800824351355e-09
IC38,global,boxcar,3024,-252,2,diurnal x2,12.0,4.763242439788965e-08
IC38,global,boxcar,3024,-126,1,diurnal,24.0,0.0006949099070736484
IC38,global,boxcar,3024,-18,0,annual x6,168.0,0.0004265677986693488
IC38,global,boxcar,3024,-15,0,annual x5,201.6,0.0015894194525196395
IC38,global,boxcar,3024,-12,0,annual x4,252.0,0.0014852535295125189
IC38,global,boxcar,3024,-9,0,annual x3,336.0,0.0025410320209482548
IC38,global,boxcar,3024,-6,0,annual x2,504.0,0.005410289015470169
IC38,global,boxcar,3024,-3,0,annual,1008.0,0.015236247615283681
IC38,global,boxcar,3024,3,0,annual,1008.0,0.015236247615283681
IC38,global,boxcar,3024,6,0,annual x2,504.0,0.005410289015470169
IC38,global,boxcar,3024,9,0,annual x3,336.0,0.0025410320209482556
IC38,global,boxcar,3024,12,0,annual x4,252.0,0.0014852535295125195
IC38,global,boxcar,3024,15,0,annual x5,201.6,0.00158941945251964
IC38,global,boxcar,3024,18,0,annual x6,168.0,0.0004265677986693488
IC38,global,boxcar,3024,126,-1,diurnal,24.0,0.0006949099070736486
IC38,global,boxcar,3024,252,-2,diurnal x2,12.0,4.763242439788958e-08
IC38,global,boxcar,3024,378,-3,diurnal x3,8.0,3.6147800824351657e-09
IC38,global,boxcar,3024,504,-4,diurnal x4,6.0,3.0956671800219416e-09
IC38,global,hann,3024,-504,4,diurnal x4,6.0,4.176144069456709e-11
IC38,global,hann,3024,-378,3,diurnal x3,8.0,2.836765791342354e-10
IC38,global,hann,3024,-252,2,diurnal x2,12.0,2.4132732938275346e-10
IC38,global,hann,3024,-126,1,diurnal,24.0,0.0007271874236960171
IC38,global,hann,3024,-18,0,annual x6,168.0,5.2195042249618284e-05
IC38,global,hann,3024,-15,0,annual x5,201.6,0.001053044368142913
IC38,global,hann,3024,-12,0,annual x4,252.0,0.00019454838063616856
IC38,global,hann,3024,-9,0,annual x3,336.0,0.0012748318553263028
IC38,global,hann,3024,-6,0,annual x2,504.0,0.002484560105192965
IC38,global,hann,3024,-3,0,annual,1008.0,0.0042677513694312245
IC38,global,hann,3024,3,0,annual,1008.0,0.004267751369431226
IC38,global,hann,3024,6,0,annual x2,504.0,0.0024845601051929657
IC38,global,hann,3024,9,0,annual x3,336.0,0.0012748318553263028
IC38,global,hann,3024,12,0,annual x4,252.0,0.0001945483806361686
IC38,global,hann,3024,15,0,annual x5,201.6,0.0010530443681429139
IC38,global,hann,3024,18,0,annual x6,168.0,5.219504224961828e-05
IC38,global,hann,3024,126,-1,diurnal,24.0,0.0007271874236960172
IC38,global,hann,3024,252,-2,diurnal x2,12.0,2.413273293827425e-10
IC38,global,hann,3024,378,-3,diurnal x3,8.0,2.836765791342353e-10
IC38,global,hann,3024,504,-4,diurnal x4,6.0,4.176144069456645e-11
IC39,tropics,boxcar,3024,-504,4,diurnal x4,6.0,1.7375962414334216e-09
IC39,tropics,boxcar,3024,-378,3,diurnal x3,8.0,8.961923320587081e-09
IC39,tropics,boxcar,3024,-252,2,diurnal x2,12.0,1.32796537433575e-08
IC39,tropics,boxcar,3024,-126,1,diurnal,24.0,0.02264996661783218
IC39,tropics,boxcar,3024,-18,0,annual x6,168.0,0.000714922724261228
IC39,tropics,boxcar,3024,-15,0,annual x5,201.6,0.0010658087376111092
IC39,tropics,boxcar,3024,-12,0,annual x4,252.0,0.0011226844726562005
IC39,tropics,boxcar,3024,-9,0,annual x3,336.0,0.002342249032077709
IC39,tropics,boxcar,3024,-6,0,annual x2,504.0,0.00436297236269815
IC39,tropics,boxcar,3024,-3,0,annual,1008.0,0.025088804014974257
IC39,tropics,boxcar,3024,3,0,annual,1008.0,0.02508880401497427
IC39,tropics,boxcar,3024,6,0,annual x2,504.0,0.00436297236269815
IC39,tropics,boxcar,3024,9,0,annual x3,336.0,0.002342249032077708
IC39,tropics,boxcar,3024,12,0,annual x4,252.0,0.001122684472656201
IC39,tropics,boxcar,3024,15,0,annual x5,201.6,0.0010658087376111101
IC39,tropics,boxcar,3024,18,0,annual x6,168.0,0.000714922724261228
IC39,tropics,boxcar,3024,126,-1,diurnal,24.0,0.02264996661783218
IC39,tropics,boxcar,3024,252,-2,diurnal x2,12.0,1.3279653743357533e-08
IC39,tropics,boxcar,3024,378,-3,diurnal x3,8.0,8.961923320587007e-09
IC39,tropics,boxcar,3024,504,-4,diurnal x4,6.0,1.7375962414334207e-09
IC39,tropics,hann,3024,-504,4,diurnal x4,6.0,1.327032773794946e-10
IC39,tropics,hann,3024,-378,3,diurnal x3,8.0,7.507741002731579e-10
IC39,tropics,hann,3024,-252,2,diurnal x2,12.0,1.8205705717554422e-09
IC39,tropics,hann,3024,-126,1,diurnal,24.0,0.028391711123728774
IC39,tropics,hann,3024,-18,0,annual x6,168.0,2.607722318258908e-05
IC39,tropics,hann,3024,-15,0,annual x5,201.6,3.40853477706008e-05
IC39,tropics,hann,3024,-12,0,annual x4,252.0,0.00011458085320730304
IC39,tropics,hann,3024,-9,0,annual x3,336.0,9.57405198999185e-05
IC39,tropics,hann,3024,-6,0,annual x2,504.0,0.00044804242907166866
IC39,tropics,hann,3024,-3,0,annual,1008.0,0.00046831999359783793
IC39,tropics,hann,3024,3,0,annual,1008.0,0.0004683199935978378
IC39,tropics,hann,3024,6,0,annual x2,504.0,0.0004480424290716688
IC39,tropics,hann,3024,9,0,annual x3,336.0,9.574051989991866e-05
IC39,tropics,hann,3024,12,0,annual x4,252.0,0.00011458085320730307
IC39,tropics,hann,3024,15,0,annual x5,201.6,3.408534777060087e-05
IC39,tropics,hann,3024,18,0,annual x6,168.0,2.6077223182589076e-05
IC39,tropics,hann,3024,126,-1,diurnal,24.0,0.028391711123728774
IC39,tropics,hann,3024,252,-2,diurnal x2,12.0,1.820570571755449e-09
IC39,tropics,hann,3024,378,-3,diurnal x3,8.0,7.507741002731647e-10
IC39,tropics,hann,3024,504,-4,diurnal x4,6.0,1.3270327737949324e-10
IC39,midlat_N,boxcar,3024,-504,4,diurnal x4,6.0,1.3208675121855118e-09
IC39,midlat_N,boxcar,3024,-378,3,diurnal x3,8.0,7.838331542365531e-09
IC39,midlat_N,boxcar,3024,-252,2,diurnal x2,12.0,7.204936731232066e-08
IC39,midlat_N,boxcar,3024,-126,1,diurnal,24.0,0.0012847635183577013
IC39,midlat_N,boxcar,3024,-18,0,annual x6,168.0,0.0005087276212831512
IC39,midlat_N,boxcar,3024,-15,0,annual x5,201.6,0.0005119426811563754
IC39,midlat_N,boxcar,3024,-12,0,annual x4,252.0,0.001135514799368431
IC39,midlat_N,boxcar,3024,-9,0,annual x3,336.0,0.0021144894986701865
IC39,midlat_N,boxcar,3024,-6,0,annual x2,504.0,0.003447047787982622
IC39,midlat_N,boxcar,3024,-3,0,annual,1008.0,0.024592438308101743
IC39,midlat_N,boxcar,3024,3,0,annual,1008.0,0.02459243830810175
IC39,midlat_N,boxcar,3024,6,0,annual x2,504.0,0.0034470477879826223
IC39,midlat_N,boxcar,3024,9,0,annual x3,336.0,0.0021144894986701865
IC39,midlat_N,boxcar,3024,12,0,annual x4,252.0,0.0011355147993684313
IC39,midlat_N,boxcar,3024,15,0,annual x5,201.6,0.000511942681156376
IC39,midlat_N,boxcar,3024,18,0,annual x6,168.0,0.0005087276212831512
IC39,midlat_N,boxcar,3024,126,-1,diurnal,24.0,0.0012847635183577013
IC39,midlat_N,boxcar,3024,252,-2,diurnal x2,12.0,7.204936731232043e-08
IC39,midlat_N,boxcar,3024,378,-3,diurnal x3,8.0,7.838331542365543e-09
IC39,midlat_N,boxcar,3024,504,-4,diurnal x4,6.0,1.320867512185503e-09
IC39,midlat_N,hann,3024,-504,4,diurnal x4,6.0,2.577753854907783e-11
IC39,midlat_N,hann,3024,-378,3,diurnal x3,8.0,2.215779764938002e-10
IC39,midlat_N,hann,3024,-252,2,diurnal x2,12.0,4.724395199076734e-10
IC39,midlat_N,hann,3024,-126,1,diurnal,24.0,0.001408417821034467
IC39,midlat_N,hann,3024,-18,0,annual x6,168.0,4.237400942198375e-05
IC39,midlat_N,hann,3024,-15,0,annual x5,201.6,2.310937213210057e-05
IC39,midlat_N,hann,3024,-12,0,annual x4,252.0,0.00015043483342422887
IC39,midlat_N,hann,3024,-9,0,annual x3,336.0,0.0003542015224435616
IC39,midlat_N,hann,3024,-6,0,annual x2,504.0,0.0003988900186394174
IC39,midlat_N,hann,3024,-3,0,annual,1008.0,0.0025334389716941508
IC39,midlat_N,hann,3024,3,0,annual,1008.0,0.0025334389716941508
IC39,midlat_N,hann,3024,6,0,annual x2,504.0,0.0003988900186394174
IC39,midlat_N,hann,3024,9,0,annual x3,336.0,0.0003542015224435618
IC39,midlat_N,hann,3024,12,0,annual x4,252.0,0.00015043483342422887
IC39,midlat_N,hann,3024,15,0,annual x5,201.6,2.3109372132100574e-05
IC39,midlat_N,hann,3024,18,0,annual x6,168.0,4.237400942198378e-05
IC39,midlat_N,hann,3024,126,-1,diurnal,24.0,0.001408417821034467
IC39,midlat_N,hann,3024,252,-2,diurnal x2,12.0,4.724395199076871e-10
IC39,midlat_N,hann,3024,378,-3,diurnal x3,8.0,2.2157797649379996e-10
IC39,midlat_N,hann,3024,504,-4,diurnal x4,6.0,2.5777538549078462e-11
IC39,midlat_S,boxcar,3024,-504,4,diurnal x4,6.0,6.622834266844006e-09
IC39,midlat_S,boxcar,3024,-378,3,diurnal x3,8.0,5.2122599776781766e-08
IC39,midlat_S,boxcar,3024,-252,2,diurnal x2,12.0,1.2545191232211448e-07
IC39,midlat_S,boxcar,3024,-126,1,diurnal,24.0,0.002038545821356641
IC39,midlat_S,boxcar,3024,-18,0,annual x6,168.0,6.0349435423307735e-05
IC39,midlat_S,boxcar,3024,-15,0,annual x5,201.6,6.146972842643899e-05
IC39,midlat_S,boxcar,3024,-12,0,annual x4,252.0,0.00011392208816899494
IC39,midlat_S,boxcar,3024,-9,0,annual x3,336.0,0.0002049604871710833
IC39,midlat_S,boxcar,3024,-6,0,annual x2,504.0,0.0003096378227227966
IC39,midlat_S,boxcar,3024,-3,0,annual,1008.0,0.0005159150330236005
IC39,midlat_S,boxcar,3024,3,0,annual,1008.0,0.0005159150330236006
IC39,midlat_S,boxcar,3024,6,0,annual x2,504.0,0.0003096378227227966
IC39,midlat_S,boxcar,3024,9,0,annual x3,336.0,0.00020496048717108336
IC39,midlat_S,boxcar,3024,12,0,annual x4,252.0,0.00011392208816899496
IC39,midlat_S,boxcar,3024,15,0,annual x5,201.6,6.146972842643902e-05
IC39,midlat_S,boxcar,3024,18,0,annual x6,168.0,6.0349435423307756e-05
IC39,midlat_S,boxcar,3024,126,-1,diurnal,24.0,0.0020385458213566412
IC39,midlat_S,boxcar,3024,252,-2,diurnal x2,12.0,1.2545191232211414e-07
IC39,midlat_S,boxcar,3024,378,-3,diurnal x3,8.0,5.2122599776781184e-08
IC39,midlat_S,boxcar,3024,504,-4,diurnal x4,6.0,6.622834266844011e-09
IC39,midlat_S,hann,3024,-504,4,diurnal x4,6.0,1.4354166658444292e-11
IC39,midlat_S,hann,3024,-378,3,diurnal x3,8.0,1.8601222480922625e-10
IC39,midlat_S,hann,3024,-252,2,diurnal x2,12.0,1.318709132591054e-09
IC39,midlat_S,hann,3024,-126,1,diurnal,24.0,0.0015350554123393092
IC39,midlat_S,hann,3024,-18,0,annual x6,168.0,2.5124013677463122e-05
IC39,midlat_S,hann,3024,-15,0,annual x5,201.6,2.0545599521257414e-05
IC39,midlat_S,hann,3024,-12,0,annual x4,252.0,0.00010924025126718679
IC39,midlat_S,hann,3024,-9,0,annual x3,336.0,0.00010151459474714166
IC39,midlat_S,hann,3024,-6,0,annual x2,504.0,4.031565047952132e-05
IC39,midlat_S,hann,3024,-3,0,annual,1008.0,0.0005278336680887894
IC39,midlat_S,hann,3024,3,0,annual,1008.0,0.0005278336680887895
IC39,midlat_S,hann,3024,6,0,annual x2,504.0,4.031565047952132e-05
IC39,midlat_S,hann,3024,9,0,annual x3,336.0,0.00010151459474714166
IC39,midlat_S,hann,3024,12,0,annual x4,252.0,0.00010924025126718682
IC39,midlat_S,hann,3024,15,0,annual x5,201.6,2.0545599521257424e-05
IC39,midlat_S,hann,3024,18,0,annual x6,168.0,2.5124013677463122e-05
IC39,midlat_S,hann,3024,126,-1,diurnal,24.0,0.0015350554123393096
IC39,midlat_S,hann,3024,252,-2,diurnal x2,12.0,1.3187091325910299e-09
IC39,midlat_S,hann,3024,378,-3,diurnal x3,8.0,1.860122248092024e-10
IC39,midlat_S,hann,3024,504,-4,diurnal x4,6.0,1.4354166658443737e-11
IC39,polar_N,boxcar,3024,-504,4,diurnal x4,6.0,2.515579752289901e-10
IC39,polar_N,boxcar,3024,-378,3,diurnal x3,8.0,1.293494485869619e-09
IC39,polar_N,boxcar,3024,-252,2,diurnal x2,12.0,6.243720965785286e-10
IC39,polar_N,boxcar,3024,-126,1,diurnal,24.0,1.9619745151854137e-05
IC39,polar_N,boxcar,3024,-18,0,annual x6,168.0,0.0002861669395032897
IC39,polar_N,boxcar,3024,-15,0,annual x5,201.6,0.0006485621535907784
IC39,polar_N,boxcar,3024,-12,0,annual x4,252.0,0.0014868590138682827
IC39,polar_N,boxcar,3024,-9,0,annual x3,336.0,0.0017338506589708958
IC39,polar_N,boxcar,3024,-6,0,annual x2,504.0,0.0035247870876896526
IC39,polar_N,boxcar,3024,-3,0,annual,1008.0,0.02074674017648704
IC39,polar_N,boxcar,3024,3,0,annual,1008.0,0.020746740176487043
IC39,polar_N,boxcar,3024,6,0,annual x2,504.0,0.003524787087689654
IC39,polar_N,boxcar,3024,9,0,annual x3,336.0,0.001733850658970895
IC39,polar_N,boxcar,3024,12,0,annual x4,252.0,0.0014868590138682827
IC39,polar_N,boxcar,3024,15,0,annual x5,201.6,0.0006485621535907794
IC39,polar_N,boxcar,3024,18,0,annual x6,168.0,0.0002861669395032896
IC39,polar_N,boxcar,3024,126,-1,diurnal,24.0,1.961974515185414e-05
IC39,polar_N,boxcar,3024,252,-2,diurnal x2,12.0,6.243720965785256e-10
IC39,polar_N,boxcar,3024,378,-3,diurnal x3,8.0,1.2934944858696138e-09
IC39,polar_N,boxcar,3024,504,-4,diurnal x4,6.0,2.5155797522899005e-10
IC39,polar_N,hann,3024,-504,4,diurnal x4,6.0,3.5058789844371233e-12
IC39,polar_N,hann,3024,-378,3,diurnal x3,8.0,1.231876787212118e-11
IC39,polar_N,hann,3024,-252,2,diurnal x2,12.0,5.2658851748443556e-11
IC39,polar_N,hann,3024,-126,1,diurnal,24.0,2.8111764888090327e-05
IC39,polar_N,hann,3024,-18,0,annual x6,168.0,8.572737349354077e-05
IC39,polar_N,hann,3024,-15,0,annual x5,201.6,2.4122632646898997e-05
IC39,polar_N,hann,3024,-12,0,annual x4,252.0,0.0008276721687258978
IC39,polar_N,hann,3024,-9,0,annual x3,336.0,0.0007333172498362654
IC39,polar_N,hann,3024,-6,0,annual x2,504.0,0.0016412060092356915
IC39,polar_N,hann,3024,-3,0,annual,1008.0,0.013970257911177071
IC39,polar_N,hann,3024,3,0,annual,1008.0,0.013970257911177075
IC39,polar_N,hann,3024,6,0,annual x2,504.0,0.0016412060092356917
IC39,polar_N,hann,3024,9,0,annual x3,336.0,0.0007333172498362655
IC39,polar_N,hann,3024,12,0,annual x4,252.0,0.0008276721687258978
IC39,polar_N,hann,3024,15,0,annual x5,201.6,2.4122632646898966e-05
IC39,polar_N,hann,3024,18,0,annual x6,168.0,8.572737349354085e-05
IC39,polar_N,hann,3024,126,-1,diurnal,24.0,2.8111764888090327e-05
IC39,polar_N,hann,3024,252,-2,diurnal x2,12.0,5.265885174844489e-11
IC39,polar_N,hann,3024,378,-3,diurnal x3,8.0,1.231876787212158e-11
IC39,polar_N,hann,3024,504,-4,diurnal x4,6.0,3.5058789844371253e-12
IC39,polar_S,boxcar,3024,-504,4,diurnal x4,6.0,2.2746570161384926e-09
IC39,polar_S,boxcar,3024,-378,3,diurnal x3,8.0,3.9071042586339155e-08
IC39,polar_S,boxcar,3024,-252,2,diurnal x2,12.0,9.695794280314384e-08
IC39,polar_S,boxcar,3024,-126,1,diurnal,24.0,0.0008664545788003916
IC39,polar_S,boxcar,3024,-18,0,annual x6,168.0,0.0003674087771176505
IC39,polar_S,boxcar,3024,-15,0,annual x5,201.6,0.00032004801890226633
IC39,polar_S,boxcar,3024,-12,0,annual x4,252.0,0.001155949890431307
IC39,polar_S,boxcar,3024,-9,0,annual x3,336.0,0.0012469396066412746
IC39,polar_S,boxcar,3024,-6,0,annual x2,504.0,0.0034241062236603182
IC39,polar_S,boxcar,3024,-3,0,annual,1008.0,0.011419967797339205
IC39,polar_S,boxcar,3024,3,0,annual,1008.0,0.011419967797339205
IC39,polar_S,boxcar,3024,6,0,annual x2,504.0,0.0034241062236603182
IC39,polar_S,boxcar,3024,9,0,annual x3,336.0,0.001246939606641275
IC39,polar_S,boxcar,3024,12,0,annual x4,252.0,0.0011559498904313071
IC39,polar_S,boxcar,3024,15,0,annual x5,201.6,0.0003200480189022666
IC39,polar_S,boxcar,3024,18,0,annual x6,168.0,0.00036740877711765056
IC39,polar_S,boxcar,3024,126,-1,diurnal,24.0,0.0008664545788003917
IC39,polar_S,boxcar,3024,252,-2,diurnal x2,12.0,9.695794280314358e-08
IC39,polar_S,boxcar,3024,378,-3,diurnal x3,8.0,3.90710425863388e-08
IC39,polar_S,boxcar,3024,504,-4,diurnal x4,6.0,2.274657016138503e-09
IC39,polar_S,hann,3024,-504,4,diurnal x4,6.0,2.3064393269309113e-10
IC39,polar_S,hann,3024,-378,3,diurnal x3,8.0,4.143065322564942e-10
IC39,polar_S,hann,3024,-252,2,diurnal x2,12.0,4.489277254308611e-10
IC39,polar_S,hann,3024,-126,1,diurnal,24.0,0.000930068482727688
IC39,polar_S,hann,3024,-18,0,annual x6,168.0,7.586316366141969e-05
IC39,polar_S,hann,3024,-15,0,annual x5,201.6,0.00045599990096386564
IC39,polar_S,hann,3024,-12,0,annual x4,252.0,0.002359003305644481
IC39,polar_S,hann,3024,-9,0,annual x3,336.0,0.0026026940679206383
IC39,polar_S,hann,3024,-6,0,annual x2,504.0,0.008237183854689526
IC39,polar_S,hann,3024,-3,0,annual,1008.0,0.0017900291084413265
IC39,polar_S,hann,3024,3,0,annual,1008.0,0.0017900291084413265
IC39,polar_S,hann,3024,6,0,annual x2,504.0,0.008237183854689528
IC39,polar_S,hann,3024,9,0,annual x3,336.0,0.0026026940679206387
IC39,polar_S,hann,3024,12,0,annual x4,252.0,0.0023590033056444817
IC39,polar_S,hann,3024,15,0,annual x5,201.6,0.00045599990096386597
IC39,polar_S,hann,3024,18,0,annual x6,168.0,7.586316366141965e-05
IC39,polar_S,hann,3024,126,-1,diurnal,24.0,0.0009300684827276883
IC39,polar_S,hann,3024,252,-2,diurnal x2,12.0,4.4892772543088135e-10
IC39,polar_S,hann,3024,378,-3,diurnal x3,8.0,4.1430653225649033e-10
IC39,polar_S,hann,3024,504,-4,diurnal x4,6.0,2.3064393269309108e-10
IC39,global,boxcar,3024,-504,4,diurnal x4,6.0,1.2481345374846964e-09
IC39,global,boxcar,3024,-378,3,diurnal x3,8.0,9.161535236473848e-09
IC39,global,boxcar,3024,-252,2,diurnal x2,12.0,3.017868928672163e-08
IC39,global,boxcar,3024,-126,1,diurnal,24.0,0.00127808596774917
IC39,global,boxcar,3024,-18,0,annual x6,168.0,0.00031934651810274937
IC39,global,boxcar,3024,-15,0,annual x5,201.6,0.000565871863904999
IC39,global,boxcar,3024,-12,0,annual x4,252.0,0.0012500372845406116
IC39,global,boxcar,3024,-9,0,annual x3,336.0,0.00164741424241707
IC39,global,boxcar,3024,-6,0,annual x2,504.0,0.0031817301975464985
IC39,global,boxcar,3024,-3,0,annual,1008.0,0.019193877211530593
IC39,global,boxcar,3024,3,0,annual,1008.0,0.019193877211530597
IC39,global,boxcar,3024,6,0,annual x2,504.0,0.003181730197546499
IC39,global,boxcar,3024,9,0,annual x3,336.0,0.0016474142424170695
IC39,global,boxcar,3024,12,0,annual x4,252.0,0.0012500372845406116
IC39,global,boxcar,3024,15,0,annual x5,201.6,0.0005658718639049997
IC39,global,boxcar,3024,18,0,annual x6,168.0,0.00031934651810274937
IC39,global,boxcar,3024,126,-1,diurnal,24.0,0.00127808596774917
IC39,global,boxcar,3024,252,-2,diurnal x2,12.0,3.0178689286721545e-08
IC39,global,boxcar,3024,378,-3,diurnal x3,8.0,9.161535236473778e-09
IC39,global,boxcar,3024,504,-4,diurnal x4,6.0,1.2481345374846954e-09
IC39,global,hann,3024,-504,4,diurnal x4,6.0,1.8093297397443326e-11
IC39,global,hann,3024,-378,3,diurnal x3,8.0,1.0976934381573254e-10
IC39,global,hann,3024,-252,2,diurnal x2,12.0,3.951610773551539e-10
IC39,global,hann,3024,-126,1,diurnal,24.0,0.0013976697784265362
IC39,global,hann,3024,-18,0,annual x6,168.0,6.59570574920939e-05
IC39,global,hann,3024,-15,0,annual x5,201.6,3.284230892021761e-05
IC39,global,hann,3024,-12,0,annual x4,252.0,0.0005978389370878403
IC39,global,hann,3024,-9,0,annual x3,336.0,0.0005821954427601422
IC39,global,hann,3024,-6,0,annual x2,504.0,0.0012581940288769033
IC39,global,hann,3024,-3,0,annual,1008.0,0.009026307550374625
IC39,global,hann,3024,3,0,annual,1008.0,0.009026307550374629
IC39,global,hann,3024,6,0,annual x2,504.0,0.0012581940288769033
IC39,global,hann,3024,9,0,annual x3,336.0,0.0005821954427601423
IC39,global,hann,3024,12,0,annual x4,252.0,0.0005978389370878404
IC39,global,hann,3024,15,0,annual x5,201.6,3.28423089202176e-05
IC39,global,hann,3024,18,0,annual x6,168.0,6.595705749209394e-05
IC39,global,hann,3024,126,-1,diurnal,24.0,0.0013976697784265362
IC39,global,hann,3024,252,-2,diurnal x2,12.0,3.95161077355154e-10
IC39,global,hann,3024,378,-3,diurnal x3,8.0,1.0976934381572907e-10
IC39,global,hann,3024,504,-4,diurnal x4,6.0,1.8093297397443323e-11
