ky,kx,radius,rel_norm_diff,analytic_lead_magnitude,empirical_lead_magnitude,log_magnitude_gap,arm
0,0,0.0,0.2576796518209281,0.796793350780959,0.9973770205239152,-0.22453349213598808,rotating
0,1,1.0,0.2553097392962939,0.7659502455811203,0.9931778706704124,-0.2597925584649282,rotating
0,2,2.0,0.25548899171010087,0.7577126583295007,0.9818717970466141,-0.2591565118731103,rotating
0,3,3.0,0.2555711226441173,0.7415569734293981,0.9646016541013446,-0.26296322843912867,rotating
0,4,4.0,0.2560154943583212,0.7217366691274193,0.9371540615688055,-0.2611873405891446,rotating
0,5,5.0,0.2564477650206136,0.6963957223733096,0.9057715017330039,-0.2628690032511165,rotating
0,6,6.0,0.257057323370988,0.6682191694878012,0.8682331364976504,-0.2618440512715918,rotating
1,0,1.0,0.25686486577119516,0.7843876245671321,0.9926195126135164,-0.23544410378716504,rotating
1,1,1.4142135623730951,0.254954217148756,0.7649322411153197,0.9897476098863963,-0.25766271491915516,rotating
1,2,2.23606797749979,0.2551656445721936,0.7544201295180518,0.977753962539664,-0.2593086525584588,rotating
1,3,3.1622776601683795,0.25524140519408783,0.7376849337488137,0.9597058755468977,-0.26311004347435707,rotating
1,4,4.123105625617661,0.25585724896225354,0.7178741120995109,0.9328595913176436,-0.2619604755632231,rotating
1,5,5.0990195135927845,0.2561883174516846,0.6914343193905234,0.9017406356697042,-0.2655587713216808,rotating
2,0,2.0,0.256635099839147,0.771831346681579,0.9823388945060151,-0.24117029192994904,rotating
2,1,2.23606797749979,0.2551366276161338,0.7549266907981809,0.9777302142470973,-0.2586131311727549,rotating
2,2,2.8284271247461903,0.2553093470397458,0.7448752486261919,0.9666343485745624,-0.2606035413889804,rotating
2,3,3.605551275463989,0.25537622435803564,0.7284100655456031,0.9481761016334104,-0.263676079756036,rotating
2,4,4.47213595499958,0.25612096349961766,0.7094266653453424,0.9229983284833205,-0.26317029331804376,rotating
2,5,5.385164807134504,0.25664586785874954,0.6832703929643363,0.8920563409319816,-0.2666386217000577,rotating
3,0,3.0,0.2562118055496088,0.7509253577011825,0.9642385029430942,-0.25003241742161825,rotating
3,1,3.1622776601683795,0.25508569404467574,0.7404924634278872,0.9587792695716155,-0.25834542512776276,rotating
3,2,3.605551275463989,0.25539288575365277,0.7309781690815033,0.9481963469176744,-0.26017800296478416,rotating
3,3,4.242640687119285,0.25584402895556807,0.716259935181216,0.9309418971781093,-0.2621537272425706,rotating
3,4,5.0,0.2566221700254193,0.6950388913056887,0.9059252786356788,-0.26498902601738206,rotating
3,5,5.830951894845301,0.25758835469041824,0.6693568936525531,0.875333464606622,-0.26828752495997976,rotating
4,0,4.0,0.2562903222299113,0.7218612652939794,0.9414051198850976,-0.26554060044193384,rotating
4,1,4.123105625617661,0.2553310313291931,0.7184144683540721,0.9328059773475834,-0.26115056706210293,rotating
4,2,4.47213595499958,0.25581073083512185,0.7082483084074087,0.92205399756039,-0.2638090372293443,rotating
4,3,5.0,0.25623554713142205,0.6951933214211227,0.9060834591702656,-0.2649414528862811,rotating
4,4,5.656854249492381,0.25673992384554967,0.6793772746553973,0.8840273113855606,-0.26331135136424283,rotating
5,0,5.0,0.21971970802907062,0.7409092702892356,0.8956124457149859,-0.18962960559406816,rotating
5,1,5.0990195135927845,0.25617251989347994,0.6967057123344766,0.9060126137816273,-0.26269012730900987,rotating
5,2,5.385164807134504,0.2570479142581162,0.6875684327628804,0.8964811462981195,-0.2653158993304554,rotating
5,3,5.830951894845301,0.25757292255871733,0.6760389065293999,0.8782551674789127,-0.26168654654019713,rotating
-4,0,4.0,0.2572829374096295,0.723623900961273,0.941394536024588,-0.26309054125274073,rotating
-4,1,4.123105625617661,0.2556194835886919,0.7174978278243684,0.9326063431185949,-0.2622132656869433,rotating
-4,2,4.47213595499958,0.2558818922137552,0.7091209969442508,0.9228695146320752,-0.26346168301238027,rotating
-4,3,5.0,0.2563359985888058,0.6947633914081843,0.9054248631136378,-0.26483295195756523,rotating
-4,4,5.656854249492381,0.2567180754793231,0.6778163787616768,0.8829127967131136,-0.2643500142829863,rotating
-3,0,3.0,0.2571212194609422,0.7488288519745205,0.9642357213815321,-0.2528253336041008,rotating
-3,1,3.1622776601683795,0.25531301465337897,0.739517116621967,0.9592248272819192,-0.26012805860722926,rotating
-3,2,3.605551275463989,0.2555172069418785,0.7281561699502104,0.9469120680215457,-0.26269069132389034,rotating
-3,3,4.242640687119285,0.2558352352805966,0.7146932711182816,0.930229790701053,-0.2635781831938266,rotating
-3,4,5.0,0.2561694482221536,0.696405448520892,0.90672757597537,-0.2639100160485146,rotating
-3,5,5.830951894845301,0.25702512486449236,0.6712443933007274,0.8754513279421466,-0.26560626357566297,rotating
-2,0,2.0,0.2576892168248207,0.7709048421644585,0.9823304750787816,-0.24236283977771544,rotating
-2,1,2.23606797749979,0.25519350412708536,0.7545193287110555,0.9774969767538897,-0.258914303232775,rotating
-2,2,2.8284271247461903,0.25540805379069054,0.7446189132803945,0.9655298886682189,-0.2598044963553961,rotating
-2,3,3.605551275463989,0.2554415675939383,0.730287726505286,0.9484936627080283,-0.26143650558454273,rotating
-2,4,4.47213595499958,0.25604381157471306,0.7097679119810434,0.9230809358475807,-0.2627788864041397,rotating
-2,5,5.385164807134504,0.2563878621258283,0.6841477222548374,0.892105234407678,-0.265410238901173,rotating
-1,0,1.0,0.25707933187019527,0.7836621815905944,0.9926154483895068,-0.23636528993012373,rotating
-1,1,1.4142135623730951,0.25452083711070206,0.7661688697964235,0.9890233645691515,-0.25531535368474007,rotating
-1,2,2.23606797749979,0.25474451436803086,0.7555864553349795,0.9780126430100998,-0.25802838760583574,rotating
-1,3,3.1622776601683795,0.25476331242312417,0.7390551578778844,0.9594484110518887,-0.2609859908127006,rotating
-1,4,4.123105625617661,0.25576554059605955,0.7189682912055593,0.933656598918518,-0.26129144800737286,rotating
-1,5,5.0990195135927845,0.25612355027524186,0.6923850900035975,0.902466403755908,-0.26498917447901327,rotating
0,0,0.0,0.4760333638722836,0.5208221257052131,0.9929738898645155,-0.6452957954396991,advection
0,1,1.0,0.4758485687262931,0.5229249769733368,0.9976392904134563,-0.645953772221935,advection
0,2,2.0,0.47631978466046565,0.5218961041980791,0.9965823247873101,-0.6468632162071664,advection
0,3,3.0,0.47652672087873993,0.520615152175035,0.994418348689285,-0.6471468946947454,advection
0,4,4.0,0.4761695381019032,0.51948335598446,0.9913418120640092,-0.6462246196732703,advection
0,5,5.0,0.4753269136211436,0.5215104629531844,0.9933009280257877,-0.6443043300775786,advection
0,6,6.0,0.4740957832365365,0.522116995213892,0.991277857654986,-0.6411031845835209,advection
1,0,1.0,0.47405907538109854,0.5260912989999075,1.0000113997593825,-0.6422919087575817,advection
1,1,1.4142135623730951,0.4754134322620857,0.5222364495262075,0.9955200544980488,-0.645144814688155,advection
1,2,2.23606797749979,0.47458416467458564,0.5218932764865611,0.993280614255594,-0.6435501007213936,advection
1,3,3.1622776601683795,0.4741119504009193,0.5227849612581736,0.9940526307362403,-0.6426199381101111,advection
1,4,4.123105625617661,0.47480753454306435,0.5201495591385469,0.9902195695427721,-0.6438103220038355,advection
1,5,5.0990195135927845,0.4735045249680449,0.5206771681409269,0.9885786674169278,-0.6411380112482916,advection
2,0,2.0,0.47452232647714926,0.5243452902569802,0.9976081308899308,-0.6432101266032807,advection
2,1,2.23606797749979,0.4758677488062212,0.5236194201146085,0.9990049015766906,-0.6459945621716553,advection
2,2,2.8284271247461903,0.47566046215831664,0.52118901826026,0.9939897389411024,-0.6456141086846461,advection
2,3,3.605551275463989,0.4749319952105194,0.5200030397604051,0.9902727134396967,-0.6441457160636912,advection
2,4,4.47213595499958,0.4760598400295926,0.5165276579752589,0.9856280339200959,-0.6461501999164957,advection
2,5,5.385164807134504,0.4752271331153334,0.5186302706486446,0.9877731083676611,-0.6442617826369254,advection
3,0,3.0,0.47381895069547086,0.5251400355528434,0.9977527644352959,-0.6418405531836067,advection
3,1,3.1622776601683795,0.47391643610658984,0.5223805800143139,0.9929552116849822,-0.6422891562648697,advection
3,2,3.605551275463989,0.4738455558750394,0.522612203100205,0.9932676562571134,-0.6421604672229434,advection
3,3,4.242640687119285,0.4735889981243556,0.5217266996763974,0.9910243383042632,-0.6415952064298056,advection
3,4,5.0,0.4742751311546594,0.5187037969167895,0.9864199017249954,-0.6427491263730521,advection
3,5,5.830951894845301,0.4731611156899751,0.5178506413903967,0.9825115941542629,-0.640425280741528,advection
4,0,4.0,0.4680018333779721,0.5308260390819616,0.9974126529616393,-0.6307302214257368,advection
4,1,4.123105625617661,0.47319675723839894,0.5209122508307014,0.9888156209120733,-0.6409262813674562,advection
4,2,4.47213595499958,0.4726062742386313,0.5234737457425259,0.9925664296376524,-0.6398070642925813,advection
4,3,5.0,0.47340082811370837,0.5198076424372015,0.9870227917913116,-0.6412343064052198,advection
4,4,5.656854249492381,0.4729188579613713,0.5195684150508284,0.9854864928981054,-0.6401369247596225,advection
5,0,5.0,0.4546344951787567,0.5360624935835118,0.9829040317142791,-0.6062607406392123,advection
5,1,5.0990195135927845,0.47314541389772274,0.5209436011160672,0.9887729515354141,-0.6408229468134762,advection
5,2,5.385164807134504,0.47283327996232943,0.5231350382625795,0.9923440665202514,-0.6402302583075618,advection
5,3,5.830951894845301,0.4739192437376908,0.5162234571453022,0.9810860392820921,-0.6421204331868396,advection
-4,0,4.0,0.47882605766469405,0.519929015253123,0.9974205995418846,-0.6514802530104121,advection
-4,1,4.123105625617661,0.4735448471994694,0.5200327269593596,0.9877164646572999,-0.6415039314143225,advection
-4,2,4.47213595499958,0.4728400768031174,0.5232954877323902,0.9924877702516616,-0.6400683996964928,advection
-4,3,5.0,0.4746918597055648,0.5160185784185716,0.9819170465168319,-0.6433640612503254,advection
-4,4,5.656854249492381,0.47507652808659245,0.516095120564393,0.9826323972425594,-0.643943999456192,advection
-3,0,3.0,0.47437511043645875,0.524549668981056,0.9977481105155459,-0.6429607290575504,advection
-3,1,3.1622776601683795,0.47347194896914374,0.5223955327425547,0.9921282829999465,-0.6414273899503401,advection
-3,2,3.605551275463989,0.47321639329653686,0.5212539683323656,0.98947320546613,-0.6409352996223738,advection
-3,3,4.242640687119285,0.47463115514945897,0.5172348082575443,0.9842323719608184,-0.6433650735580682,advection
-3,4,5.0,0.4752417810735114,0.5185225172474667,0.9877357102888992,-0.6444317078581169,advection
-3,5,5.830951894845301,0.47386442095787346,0.5172477294997073,0.9822429546068592,-0.6413167586488461,advection
-2,0,2.0,0.47588770087067805,0.522991005042907,0.9976092633390539,-0.6457974148009784,advection
-2,1,2.23606797749979,0.47560318866255197,0.5227291406183397,0.9968046449226071,-0.6454913735129428,advection
-2,2,2.8284271247461903,0.4749187238048984,0.5214308907800179,0.9930396884254215,-0.6441938858667081,advection
-2,3,3.605551275463989,0.47602466227858853,0.5175143535097956,0.9874735548957586,-0.6461124555585998,advection
-2,4,4.47213595499958,0.4761200396054245,0.5176717214973222,0.987786092696561,-0.646124869862547,advection
-2,5,5.385164807134504,0.4747399019105037,0.5199088373931361,0.98881971525186,-0.6428585415675331,advection
-1,0,1.0,0.47728233460324815,0.5228001659907534,1.0000034832785047,-0.6485594630012048,advection
-1,1,1.4142135623730951,0.4753894191337206,0.522491364327875,0.9959454919037489,-0.6450840729825222,advection
-1,2,2.23606797749979,0.47452089066242725,0.5224751477907893,0.9942813784868947,-0.6434428248754459,advection
-1,3,3.1622776601683795,0.47569830456715345,0.5187932975056311,0.9893508075438957,-0.6455434449419448,advection
-1,4,4.123105625617661,0.47534941746777415,0.5218192687841278,0.9943344996391985,-0.6447523692496905,advection
-1,5,5.0990195135927845,0.4744808849760861,0.5192512094051579,0.9873626777550734,-0.6426496347122841,advection
0,0,0.0,0.430524500072893,0.5012101941813193,0.9093347146869204,-0.5956876870151545,lambda
0,1,1.0,0.43048580996391445,0.49933712191662866,0.9088668504343543,-0.5989171416149904,lambda
0,2,2.0,0.4302689355330564,0.4987570937234625,0.9070279679126467,-0.598054094158216,lambda
0,3,3.0,0.4302588745014647,0.49875700003578854,0.9053285621842442,-0.5961789266846749,lambda
0,4,4.0,0.4303691899702526,0.49923949841143045,0.9064385410654882,-0.5964372924986429,lambda
0,5,5.0,0.43042828941136124,0.49926285500961287,0.90681622486007,-0.5968070903016964,lambda
0,6,6.0,0.4303652375383953,0.49908537898432764,0.9063831895017691,-0.5966849818117288,lambda
1,0,1.0,0.43042812898716787,0.4994681890894117,0.9090729202608998,-0.5988814007151056,lambda
1,1,1.4142135623730951,0.4303570643171828,0.49903562401707063,0.9080375699113901,-0.5986082702806131,lambda
1,2,2.23606797749979,0.4300610010199065,0.49871373193580676,0.9037460763380273,-0.5945161842920612,lambda
1,3,3.1622776601683795,0.4301869624589067,0.49887780109780805,0.903184440466121,-0.5935656073859495,lambda
1,4,4.123105625617661,0.43037326784965063,0.4990575036149041,0.9062477626430184,-0.5965914105407503,lambda
1,5,5.0990195135927845,0.43043378567045987,0.4991519956783947,0.9067384736974401,-0.5969434164887715,lambda
2,0,2.0,0.4304025787712269,0.4987553050111265,0.9066091625676559,-0.5975958402106621,lambda
2,1,2.23606797749979,0.43009046854135324,0.4985901507856296,0.9044149171119139,-0.5955038170444454,lambda
2,2,2.8284271247461903,0.4300826434111909,0.4986466944889889,0.9046264306010077,-0.5956242567091249,lambda
2,3,3.605551275463989,0.4302946576317894,0.49921910732562397,0.905715596366355,-0.5956802532517105,lambda
2,4,4.47213595499958,0.43037485417291615,0.49916990894804997,0.906711708120322,-0.5968780107730896,lambda
2,5,5.385164807134504,0.4303939515027413,0.4990734415681347,0.9066513528134885,-0.5970047177868241,lambda
3,0,3.0,0.4304325974189676,0.49879655273379947,0.9058480120591985,-0.5966732321982166,lambda
3,1,3.1622776601683795,0.43021630533974514,0.4988792766483807,0.9048048385805353,-0.5953551365500171,lambda
3,2,3.605551275463989,0.43030134933142894,0.49918744474943627,0.9058850440498774,-0.5959307490488844,lambda
3,3,4.242640687119285,0.43038508979795403,0.4995970358654905,0.9067557365523765,-0.596071259422956,lambda
3,4,5.0,0.43038922481112585,0.49915551294499316,0.9067141763858525,-0.5969095732872909,lambda
3,5,5.830951894845301,0.43039853141613926,0.49922666534920596,0.9068447168743472,-0.5969109984547499,lambda
4,0,4.0,0.4304463097890893,0.49911237228013794,0.9064424997025003,-0.5966963317280484,lambda
4,1,4.123105625617661,0.4304150995078175,0.49937372237394717,0.9066022580933705,-0.5963490711638494,lambda
4,2,4.47213595499958,0.4304119002251225,0.4995724896405653,0.9073574539545268,-0.5967837663045341,lambda
4,3,5.0,0.4304054427418421,0.49933465680834277,0.9073277454358282,-0.5972272100409269,lambda
4,4,5.656854249492381,0.4303945355588722,0.49916124515901633,0.9068522539631045,-0.597050361401132,lambda
5,0,5.0,0.4304655612117685,0.49913289336418,0.9067461931964759,-0.5969902001978088,lambda
5,1,5.0990195135927845,0.43043439079258516,0.4992431824512157,0.9072133479906049,-0.5972843296370244,lambda
5,2,5.385164807134504,0.430377832456005,0.4991807838623098,0.906313622605032,-0.5964170855097649,lambda
5,3,5.830951894845301,0.43037011621076654,0.49916340049596747,0.9063195433807675,-0.596458442695039,lambda
-4,0,4.0,0.43033201263779974,0.49922707212687273,0.9064402156087339,-0.5964640306217601,lambda
-4,1,4.123105625617661,0.43033351007062787,0.49906750039654163,0.906632183939475,-0.5969954795400545,lambda
-4,2,4.47213595499958,0.430356818658145,0.499140444561391,0.9067668665438084,-0.5969978709078622,lambda
-4,3,5.0,0.4304456785711091,0.4992105776468433,0.906901180360408,-0.5970054859586879,lambda
-4,4,5.656854249492381,0.43039716648612103,0.49914861279594863,0.9066985248568633,-0.5969061350684499,lambda
-3,0,3.0,0.43026046744595475,0.4987792310090318,0.9058540438921229,-0.596714618582178,lambda
-3,1,3.1622776601683795,0.430281235145474,0.4988217861501646,0.9055322769760854,-0.5962740321840031,lambda
-3,2,3.605551275463989,0.43030606460235343,0.4989768206341812,0.905887085392845,-0.5963550254291169,lambda
-3,3,4.242640687119285,0.43037948795138065,0.49920869847837845,0.9066682018340393,-0.5967523220799054,lambda
-3,4,5.0,0.43038757560469293,0.4991551583239007,0.9065335928101601,-0.5967111012689179,lambda
-3,5,5.830951894845301,0.43039809117178185,0.49912337754325775,0.9066621415844371,-0.5969165649338968,lambda
-2,0,2.0,0.43028989888797686,0.49874763267570016,0.906609397065451,-0.5976114819476782,lambda
-2,1,2.23606797749979,0.43004509863443496,0.4985320086456216,0.9045067884334218,-0.5957220127235682,lambda
-2,2,2.8284271247461903,0.42997426790629684,0.498505879268368,0.9034419726764293,-0.594596499679007,lambda
-2,3,3.605551275463989,0.43023506109047865,0.49892692798551425,0.9045991065491167,-0.5950322212423569,lambda
-2,4,4.47213595499958,0.4303656492608164,0.49919354008792843,0.9066148615040109,-0.5967238544999471,lambda
-2,5,5.385164807134504,0.43037618328213273,0.499125357753634,0.9064877474570686,-0.5967202316400972,lambda
-1,0,1.0,0.43039777827321635,0.49954524391575633,0.9090809997717971,-0.5987360264708266,lambda
-1,1,1.4142135623730951,0.4303013297694217,0.49897384428988845,0.9080354997788374,-0.5987297963847563,lambda
-1,2,2.23606797749979,0.43008823226451753,0.4986511628112024,0.9038756831347442,-0.5947850535156196,lambda
-1,3,3.1622776601683795,0.43022245821902866,0.49886332223895097,0.9032498460516633,-0.5936670446851037,lambda
-1,4,4.123105625617661,0.4303969996188825,0.499166531892005,0.9064369386632586,-0.596581690720208,lambda
-1,5,5.0990195135927845,0.4303963741784915,0.49917505608247786,0.9066091366950295,-0.5967545684108704,lambda
