family,scenario,field,segment,n_traj,n_time,dt,grid,static_share,dynamic_share,boxcar_low_share,boxcar_mid_share,boxcar_high_share,boxcar_share_bin1,boxcar_share_le_2,boxcar_share_le_4,boxcar_share_le_8,boxcar_modes_50,boxcar_modes_90,boxcar_modes_99,boxcar_effective_modes,boxcar_centroid_rel,boxcar_ar1_phi,boxcar_excess_share,boxcar_peak_bin,boxcar_peak_over_null,boxcar_peak_rel_nyquist,boxcar_low_share_sd,boxcar_excess_share_sd,hann_low_share,hann_mid_share,hann_high_share,hann_share_bin1,hann_share_le_2,hann_share_le_4,hann_share_le_8,hann_modes_50,hann_modes_90,hann_modes_99,hann_effective_modes,hann_centroid_rel,hann_ar1_phi,hann_excess_share,hann_peak_bin,hann_peak_over_null,hann_peak_rel_nyquist,hann_low_share_sd,hann_excess_share_sd,spatial_box_low_share,spatial_box_mid_share,spatial_box_high_share,spatial_box_share_bin1,spatial_box_share_le_2,spatial_box_share_le_4,spatial_box_share_le_8,spatial_box_modes_50,spatial_box_modes_90,spatial_box_modes_99,spatial_box_effective_modes,spatial_box_centroid_rel,spatial_radial_low_share,spatial_radial_mid_share,spatial_radial_high_share,spatial_radial_share_bin1,spatial_radial_share_le_2,spatial_radial_share_le_4,spatial_radial_share_le_8,spatial_radial_modes_50,spatial_radial_modes_90,spatial_radial_modes_99,spatial_radial_effective_modes,spatial_radial_centroid_rel,spatial_var_at_modes_4,spatial_var_at_modes_8,spatial_var_at_modes_12,spatial_var_at_modes_16
Gray-Scott reaction-diffusion,bubbles,A,full,3,1001,10.0,128x128,0.9226722713963472,0.07732772860365293,0.9415732384293856,0.04034059453804696,0.01808616703256753,0.3476595097892971,0.49182930241912354,0.6584376609402416,0.8122713535395439,3,19,348,6.1235682444142485,0.03211250996003832,0.9567657366535628,0.33013093879798366,1,3.744764629231085,0.002,0.01840713002886834,0.023633065392850594,0.9999995277929862,4.72201991689704e-07,5.022284115396083e-12,0.875786429846077,0.9784772259651009,0.994973625700532,0.999056314398272,1,2,3,1.285803828439791,0.0023405182783292756,0.999,0.27307869717854066,1,1.4530864337345004,0.002,2.0743771854848765e-07,0.0175319632365661,0.43109929218446785,0.5667352183340061,0.002165489481526021,0.017640770542606425,0.06702605905302303,0.21960871469995868,0.6104943778607737,7,14,23,14.143728273312476,0.1268682730513595,0.6303003659547511,0.36904366431256347,0.0006559697326854325,0.017640770542606425,0.06702605905302303,0.19230241898514808,0.5516050314905172,8,16,24,15.510333500317717,0.0975038890967617,0.21960871469995868,0.6104943778607735,0.837421086835891,0.9433699060768471
Gray-Scott reaction-diffusion,bubbles,A,train,3,60,10.0,128x128,0.9201444333417452,0.07985556665825486,0.5622535904587165,0.26492276414856064,0.17282364539272296,0.4072289870758681,0.5078300284597237,0.6003442219731077,0.7052120570196762,2,21,29,5.337401124239185,0.230056130083108,0.6019784867269563,0.28591629714556754,1,2.949634066777478,0.03333333333333333,0.03157075859948864,0.023674080938515037,0.9991442515148508,0.0008542360273501692,1.512457799179979e-06,0.9130981000301284,0.9948931714831765,0.9997355898685044,0.9999704124013149,1,1,2,1.1898288418945218,0.03644887803930625,0.9934101770044123,0.305271731278131,1,1.5022350904336739,0.03333333333333333,3.0016427408739645e-05,0.0017131008443269761,0.6198837771685213,0.37880329352374387,0.001312929307734845,0.03449653506089618,0.12827265735471427,0.35352851545082953,0.7896016058266583,5,11,22,10.649928546431157,0.09917377614457161,0.8074943952957396,0.19226966713028873,0.0002359375739717428,0.03449653506089618,0.12827265735471427,0.31603469935369266,0.7455633175511235,6,12,24,11.459029659949994,0.07512551308608482,0.3535285154508295,0.7896016058266584,0.9262923868475732,0.9681460740381755
Gray-Scott reaction-diffusion,bubbles,A,settled,3,501,10.0,128x128,0.9965350308848531,0.003464969115146862,0.9786017702536066,0.01795774521965535,0.003440484526738132,0.6369028439681651,0.7844694644683614,0.8776838427443117,0.9353246618694141,1,5,53,2.3086165234725398,0.015048566378891546,0.9891690853038451,0.14598140370592064,1,1.2973620456013066,0.004,0.0192600011268381,0.03139792886286315,0.9999999723987415,2.7587955372614956e-08,1.3302994692157036e-11,0.9321200748882329,0.9914793332804508,0.9995470705618514,0.9999727812416938,1,1,2,1.1462321100998387,0.004314649751806592,0.999,0.32550201224543024,1,1.5365847677323399,0.004,1.0428286357727477e-07,0.013831476012956426,0.40374804752788623,0.5939503324433457,0.002301620028768111,0.01477391422931582,0.057290247298551304,0.19999180376633285,0.5826946762631876,8,15,23,14.465304276019609,0.13098223736401463,0.6021430516689017,0.3971239294322823,0.000733018898816189,0.014773914229315824,0.05729024729855131,0.17411097214844562,0.5232187056410054,8,16,24,15.947593970156348,0.10098522606577096,0.19999180376633283,0.5826946762631876,0.8239617571247468,0.9395370702365501
Gray-Scott reaction-diffusion,bubbles,B,full,3,1001,10.0,128x128,0.9149804436500781,0.08501955634992184,0.9637338020617291,0.03130594858954171,0.004960249348729125,0.36433218702796955,0.5107567165585164,0.6785664199749896,0.8355970697377592,2,13,173,5.671473045822115,0.019363470677852497,0.9826772785128585,0.1381230701401116,1,1.5930715562826665,0.002,0.00551484886093865,0.03790444959865662,0.9999993605544993,6.394412956527502e-07,4.2049130553179836e-12,0.8563610317589575,0.9740440795144676,0.9938623441407717,0.9988019588591325,1,2,4,1.3378650896312192,0.0023996515481650295,0.999,0.25365329909142115,1,1.4208562215864924,0.002,2.845028425170819e-07,0.020637874444953578,0.3563199962675131,0.6358570225161946,0.007822981216292296,0.013562677700913113,0.052391073640915276,0.1755734056587917,0.5225670926027709,8,17,29,16.462925108447127,0.14627291681358015,0.5402821929766851,0.4569510833454863,0.002766723677828852,0.013562677700913114,0.05239107364091528,0.15293170879635196,0.46499366466776965,9,18,32,18.112457962971025,0.11290539287954704,0.1755734056587917,0.522567092602771,0.7609386097408978,0.8991863451423391
Gray-Scott reaction-diffusion,bubbles,B,train,3,60,10.0,128x128,0.9268213945568263,0.07317860544317367,0.7495390097709002,0.20067876564634585,0.04978222458275403,0.5641899558393488,0.6872984471630611,0.790454111063696,0.8839278560190218,1,10,26,2.922545505327205,0.11948517304620028,0.846451203849576,0.20443951408525696,1,1.5682814817083728,0.03333333333333333,0.003549959854298441,0.017665988418388786,0.9991503522582237,0.0008477922694053035,1.8554723708853826e-06,0.901415606493474,0.9946601646871127,0.9997558395504309,0.9999747826063093,1,1,2,1.217633487115832,0.03684375491789901,0.9931338432953017,0.2936600442044263,1,1.4831877524878365,0.03333333333333333,3.692376389889189e-05,0.0010520656487655194,0.5568805922624764,0.43834563081024536,0.004773776927278349,0.02803586446490833,0.10933582402579717,0.3084049368424466,0.7265933753421258,6,14,28,12.136706573703108,0.1137883623616776,0.7441002254149865,0.25482804641887813,0.0010717281661353176,0.028035864464908328,0.10933582402579715,0.2743510363072202,0.6797869066790047,6,15,30,13.111447821880645,0.0866355046973771,0.30840493684244663,0.7265933753421256,0.8787164764578246,0.9363011703092088
Gray-Scott reaction-diffusion,bubbles,B,settled,3,501,10.0,128x128,0.9956752127420381,0.004324787257961934,0.9792094267562388,0.017447862858216638,0.0033427103855448647,0.6448141335027304,0.7899303772298107,0.8810250770144185,0.9371446986062479,1,5,52,2.260802034853092,0.014749149497599177,0.9894733312212568,0.14893862679750366,1,1.3003548769470485,0.004,0.01957296765024873,0.03395643857841065,0.9999999732867413,2.6710108263794624e-08,3.1503926264142007e-12,0.9272269673642042,0.9913628429121123,0.9995129056781806,0.9999704578004653,1,1,2,1.1575201835343587,0.004335388638159762,0.999,0.32060890472140147,1,1.5285185596430004,0.004,7.68080478259433e-08,0.016481405005456577,0.3293707415262715,0.6623501966260925,0.008279061847636257,0.011271348928450442,0.04408089291135545,0.15755722717188192,0.4933155885367251,9,17,29,16.750847640232035,0.1507298225894057,0.5104101833226605,0.4865332683078715,0.0030565483694680847,0.01127134892845044,0.04408089291135545,0.1364110434677509,0.43580668631517305,9,18,32,18.517955955175918,0.11669940773539518,0.15755722717188192,0.493315588536725,0.7443220321216154,0.8938679113170778
Gray-Scott reaction-diffusion,gliders,A,full,3,1001,10.0,128x128,0.03892765976984528,0.9610723402301548,0.9907702763383816,0.00831871223979734,0.0009110114218209568,0.1010267004218795,0.1938139479332074,0.36115476159529203,0.6482877014658639,6,18,49,15.842899347199,0.01835670555237877,0.9946431261445486,0.4878710185612966,10,5.577148405547441,0.02,0.0019009088583303835,0.014717234073513032,0.997950277776765,0.0020495703236912475,1.5189954380768492e-07,0.08085195188956841,0.16961468367120203,0.3408016319579294,0.6479582559113439,6,16,39,15.69073878676126,0.016575908863097174,0.9975444999647941,0.5802135556160875,10,7.732211374214899,0.02,7.336728327107225e-05,0.0028951480627387827,0.47784328131632847,0.5219574508731935,0.00019926781047802022,0.04823925395888764,0.10178758794233655,0.2614206124512061,0.713289723062326,7,11,17,11.55067199048256,0.10653380699849485,0.7543673947832256,0.24561454722925716,1.8057987517209766e-05,0.04823925395888764,0.10178758794233655,0.22936293027349203,0.6548353003785091,7,12,18,12.256278082807686,0.08058810770017849,0.2614206124512061,0.7132897230623261,0.9497647491279313,0.9891548502415115
Gray-Scott reaction-diffusion,gliders,A,train,3,60,10.0,128x128,0.24575841802023668,0.7542415819797634,0.8867101938080856,0.10205541121768628,0.011234394974228038,0.6000485455041089,0.8076710448884761,0.9232127481990989,0.9701316631832358,1,4,16,2.430289789527255,0.0711072028842368,0.9465887582435975,0.08463399922900032,2,1.2443828793666436,0.06666666666666667,0.006070522811749111,0.007961342922053258,0.9930143792417867,0.006984074374159124,1.5463840540100177e-06,0.7921465232440418,0.9632350141475103,0.9980817258241045,0.9999416715574828,1,2,3,1.5204924460246956,0.04182269543159866,0.9912069400343099,0.20303151093326474,1,1.3046303711186473,0.03333333333333333,0.0018998445528298825,0.007247277400188336,0.7748393025778353,0.224941938926165,0.00021875849599980993,0.10767760413354911,0.2463847898516182,0.5750376646369149,0.8868312447970531,4,9,16,8.685287885452276,0.07428560556716898,0.8976269591370869,0.1023411291837751,3.191167913797244e-05,0.1076776041335491,0.2463847898516182,0.5365409048318612,0.8664034982976829,4,10,18,9.334188876863609,0.05565005350231092,0.5750376646369149,0.8868312447970531,0.9690532425186262,0.9904438888276714
Gray-Scott reaction-diffusion,gliders,A,settled,3,501,10.0,128x128,0.07517912858719555,0.9248208714128044,0.9935371184275954,0.005785229814344841,0.000677651758059688,0.17187108457578015,0.3423201383959115,0.6427086213288279,0.889701350248409,3,9,22,8.052463827456831,0.019109373528757884,0.9952659352200479,0.42835298969372754,5,4.135866490674714,0.02,7.318892209978878e-05,0.004186178739427895,0.9979394845127738,0.002060351814532919,1.636726934437044e-07,0.15316671718183641,0.3381338684002364,0.6490770078659452,0.9010480772510197,3,8,20,7.8731070941656265,0.017777855063699062,0.997372270953546,0.46957029574845555,5,4.333005184677715,0.02,5.834080604365243e-05,0.0027594194652302935,0.4357793524586634,0.5640138200389749,0.00020682750236156628,0.027842171819832284,0.07056815198610186,0.2163596475423445,0.6897086167333977,7,11,17,11.066402161728625,0.1115482599448741,0.7337946975537707,0.2661872545787459,1.8047867483446125e-05,0.027842171819832288,0.07056815198610188,0.18691812910018057,0.6255951802253573,8,12,18,11.732973669774047,0.08444649558940397,0.2163596475423445,0.6897086167333977,0.946612280218491,0.9886801895297046
Gray-Scott reaction-diffusion,gliders,B,full,3,1001,10.0,128x128,0.03497702553870845,0.9650229744612917,0.969205906005984,0.028866376925389056,0.001927717068626973,0.07966338526017087,0.15714923599570157,0.3064335168926576,0.5614431968589683,7,27,107,20.178978785481785,0.02599362998377379,0.9879232109031595,0.38828664305450855,37,3.247549244320739,0.074,0.007689013474110061,0.05196976385042579,0.9911011396440816,0.00889750465226383,1.35570365451742e-06,0.0708879146815846,0.15680128551934958,0.31844985268831794,0.5901597583122006,7,22,49,18.432393137528695,0.020042226824645168,0.9960109285179773,0.5593118854970239,37,6.1891417153794865,0.074,0.0001559342804154843,0.0036154567499766103,0.2598284298940695,0.7376082357148575,0.002563334391072992,0.016870760112092993,0.03866661565006173,0.11643436591627104,0.48275423753408975,9,14,26,13.228260094846165,0.14394438607940657,0.522218201747859,0.47748428201642146,0.0002975162357194985,0.016870760112092993,0.03866661565006173,0.09854839760751646,0.4125289704816967,9,15,28,14.083434815120789,0.10986181578955645,0.11643436591627104,0.4827542375340898,0.8307757398793436,0.9387730542952852
Gray-Scott reaction-diffusion,gliders,B,train,3,60,10.0,128x128,0.14651473700541548,0.8534852629945846,0.6661190661487846,0.3073074367424687,0.026573497108746822,0.3394805914671766,0.5422377881714191,0.7463545770074319,0.8964037430623727,2,9,20,5.394181563420436,0.12528544772857303,0.8631511469433252,0.08209643046860544,7,1.286605534751374,0.23333333333333334,0.03065076974256869,0.023958172068137308,0.9695414517435113,0.030438811419028766,1.973683745996134e-05,0.6858861708063015,0.9058557827190645,0.9884430535715512,0.9993806974856715,1,2,5,1.9109777911787336,0.048671178414869835,0.9883566723236079,0.1464296222204793,2,1.4343835287772482,0.06666666666666667,0.007594910758508059,0.012684006305330158,0.561600014046241,0.4355700563896991,0.0028299295640599603,0.054174411922280556,0.13870429562182324,0.3731246037705992,0.7119099938047124,6,13,26,13.224721587723836,0.11023646173193934,0.7283835076507923,0.27109655296222607,0.0005199393869817386,0.054174411922280556,0.13870429562182324,0.338506822350073,0.67654940366815,6,15,28,14.337551074785098,0.08378153081629906,0.3731246037705992,0.7119099938047125,0.8771720503393305,0.9441769540704331
Gray-Scott reaction-diffusion,gliders,B,settled,3,501,10.0,128x128,0.0736455987060055,0.9263544012939945,0.9866192988884335,0.0126925318775585,0.0006881692340079689,0.16301690466213686,0.32328124267146185,0.5839007836901813,0.828661280333662,4,12,28,9.4412695759222,0.022514714992363294,0.993681484912446,0.417046303262578,6,3.4153244309105704,0.024,0.00014673107705505717,0.004376513965006044,0.9910447146821681,0.008953848177561508,1.4371402701753567e-06,0.14551577887664247,0.3190309370228741,0.591216603230436,0.8381844812204935,4,11,25,9.2408775748149,0.02120439769500278,0.9958382005182251,0.45727449830875083,6,3.7880170278301852,0.024,0.00026381618089206944,0.001761478135776698,0.23208225889824535,0.7653377455402193,0.002579995561535364,0.010081245954457984,0.026529058811323097,0.09314684577461282,0.4630910127877718,9,14,26,12.64164688665996,0.14710026525373654,0.503630226761734,0.49608077574169324,0.00028899749657283573,0.010081245954457986,0.0265290588113231,0.0776732084432546,0.38904846992198366,9,16,28,13.424014677258397,0.1122933520079078,0.09314684577461282,0.46309101278777187,0.8268910780450915,0.9380370513883944
Gray-Scott reaction-diffusion,maze,A,full,3,1001,10.0,128x128,0.5842486427239822,0.4157513572760178,0.9753644051513706,0.020395221320417656,0.004240373528211644,0.3169015305243697,0.4424212793613139,0.5888094894870952,0.7432940428196949,3,17,123,7.316231386725179,0.01915198096480966,0.9866200490215215,0.12339922518979964,14,1.8887529794536426,0.028,0.009068425485849468,0.025809926220448035,0.9999856988879748,1.4301107321984117e-05,4.703457014318573e-12,0.8038534639873873,0.9448100896553995,0.9814114843611051,0.9934101675316424,1,2,7,1.4994838319244512,0.002733613369717256,0.999,0.20114573131985106,1,1.3337367689470254,0.002,4.43945780478647e-06,0.011647016795273047,0.11284387386233788,0.8867385312188673,0.00041759491879482156,0.02033709860416653,0.04703998892875781,0.07807241450045613,0.15695865808942638,12,15,18,9.933939553846491,0.18144558558977675,0.1608009247683744,0.83913610455361,6.297067801558686e-05,0.02033709860416653,0.04703998892875781,0.07281050029404915,0.14244822207186977,14,16,19,8.155711061514562,0.1401965447115796,0.07807241450045613,0.15695865808942636,0.5197839172680385,0.9634321131672592
Gray-Scott reaction-diffusion,maze,A,train,3,60,10.0,128x128,0.4643455091227094,0.5356544908772907,0.8960241986408043,0.0849656189295943,0.01901018242960124,0.734737365649364,0.8524051564278194,0.9195004624554766,0.9588216064073066,1,4,21,1.796390529735888,0.07025076081803965,0.9365117187224643,0.19518974873058695,1,1.3617655654662462,0.03333333333333333,0.021984399156449938,0.022554516234945084,0.9973351839958956,0.0026645849795228185,2.310245815870038e-07,0.7832158274408166,0.9818523199835132,0.9995041059975313,0.99999194397405,1,2,3,1.5310933146816954,0.041276579993252904,0.9917891995266822,0.22151675469649473,2,1.2985650446549328,0.06666666666666667,0.0008397733404339649,0.004710977618819483,0.5972306637923384,0.4024229970546473,0.0003463391530142855,0.09860787796982995,0.24900150237038102,0.4268783200460011,0.7519805762836375,5,12,18,11.885089564511597,0.09386058272623338,0.7702039655640531,0.22975716506251864,3.886937342822154e-05,0.09860787796982995,0.24900150237038102,0.3994472441995567,0.7158956895179699,6,12,19,12.46017846107756,0.07077639342369552,0.4268783200460012,0.7519805762836375,0.9288434543235151,0.9836189098211382
Gray-Scott reaction-diffusion,maze,A,settled,3,501,10.0,128x128,0.9582385233553702,0.041761476644629786,0.981665009884061,0.0153881666250924,0.0029468234908466046,0.671524416861838,0.8034154893708068,0.8931634134078232,0.9442482176164125,1,5,46,2.111575552472675,0.013622476179051966,0.9906939971110698,0.15593193491120796,1,1.3024325225249096,0.004,0.001370623437753087,0.006711195167024722,0.9999925788331743,7.421164309408648e-06,2.5161321476323693e-12,0.8602601576671519,0.9766366083620516,0.9953312006452559,0.9992899563660496,1,2,3,1.3265856371318907,0.004740066283941057,0.999,0.2536420950243493,1,1.4181248641349844,0.004,5.5603975079844705e-06,0.024548106280486596,0.0038239388802536007,0.9957653021435307,0.00041075897621582394,0.00011973825870508125,0.00039439590825219163,0.0012841347322765004,0.013325656210517178,13,15,18,6.9450652009775125,0.20412002476915536,0.013050203969071233,0.9868748118453078,7.498418562075093e-05,0.00011973825870508125,0.00039439590825219163,0.001084871933503563,0.008234704833227639,14,16,19,5.207754267164101,0.158471342011174,0.0012841347322765004,0.01332565621051718,0.39078588421055754,0.9602280797263806
Gray-Scott reaction-diffusion,maze,B,full,3,1001,10.0,128x128,0.681047315139346,0.318952684860654,0.9719946655130718,0.02466768932897367,0.0033376451579548126,0.42876349063152747,0.5549942588503951,0.672719897710202,0.7811322118196747,2,17,128,4.717601311860676,0.01787835229886454,0.9872598377732362,0.17471977643702818,15,1.5440482428220952,0.03,0.00787361592950591,0.061968701080769635,0.9999818920328922,1.810795458403819e-05,1.2523388166250939e-11,0.7910398404844795,0.9463556672751773,0.9845035016173508,0.9951886282493939,1,2,6,1.536602469623384,0.002715969499637855,0.999,0.19011649300198602,1,1.3124766741972935,0.002,1.1028123268668795e-05,0.012857494448239522,0.04194587645590583,0.9558961870063137,0.00215793653778042,0.006076235790716404,0.014562211052009243,0.02618028674772938,0.06738404658350661,13,16,21,8.589767131689166,0.19996562064101508,0.06901550163668635,0.9306040638276831,0.00038043453563029443,0.006076235790716402,0.01456221105200924,0.023971569152804153,0.05766563366936614,14,17,22,6.908374442894162,0.1548371725548106,0.02618028674772938,0.06738404658350662,0.418458036623541,0.9359439346847739
Gray-Scott reaction-diffusion,maze,B,train,3,60,10.0,128x128,0.39670645866521576,0.6032935413347842,0.8574947859436325,0.12503352346193208,0.017471690594435763,0.6582202338284451,0.7977787297691468,0.8895662539381609,0.9487977900807543,1,5,19,2.181093596392186,0.07868788016774382,0.9272835094739688,0.1368703771272072,1,1.2625307657956093,0.03333333333333333,0.028974449804009383,0.025075778542645363,0.9909719593681163,0.009027147718884411,8.929129989254361e-07,0.7187486693427158,0.9545587563498333,0.998147689646764,0.9999712903181607,1,2,3,1.7434193794462072,0.04461125575568979,0.9899851596217155,0.1946618609213701,2,1.5396942451093836,0.06666666666666667,0.0012652399126393055,0.004686131030181228,0.40698961444620796,0.5900306615836141,0.002979723970178227,0.05477247548629705,0.1426099428811134,0.2646923073165278,0.5672285467984983,8,15,26,16.16504088295632,0.12880400927618935,0.5856273589302505,0.41394220432758827,0.0004304367421612452,0.05477247548629704,0.14260994288111337,0.24306185556553084,0.5231045988156177,8,16,28,17.131814427079682,0.09796733135513266,0.2646923073165278,0.5672285467984982,0.821759380595265,0.9381400810507509
Gray-Scott reaction-diffusion,maze,B,settled,3,501,10.0,128x128,0.9557080045840305,0.04429199541596931,0.9818387847728297,0.015242040163783664,0.002919175063386544,0.6745626120544842,0.8057196897709544,0.8943050124658631,0.9448279352163697,1,5,45,2.0949338326332643,0.013526986140416383,0.9907816817083931,0.1575707114662081,1,1.30478371380076,0.004,0.0013575120883080574,0.006537585712503119,0.999994153497539,5.846500180755194e-06,2.2799727217749375e-12,0.8626305824030666,0.9784372794150774,0.9958580692471316,0.9994159663774467,1,2,3,1.31971616665419,0.0047125101758278805,0.999,0.25601251976026396,1,1.422032470719575,0.004,4.39651429867358e-06,0.022721177672008507,0.001360099564842201,0.9967071393485009,0.00193276108665696,3.083138260602407e-05,0.00010438244982070459,0.0003753901773439302,0.006427418636567193,13,16,20,7.04328695279709,0.20950711521659052,0.005956687752775226,0.9936440963624196,0.0003992158848051222,3.083138260602407e-05,0.0001043824498207046,0.0003087013961550943,0.0033814519118118684,14,17,21,5.254817664278502,0.1628013354070037,0.0003753901773439302,0.006427418636567193,0.3480415838369841,0.9404886226928927
Gray-Scott reaction-diffusion,spirals,A,full,3,1001,10.0,128x128,0.014161172054229102,0.9858388279457708,0.9835722774386523,0.015215330755695968,0.0012123918056517597,0.028844377111243397,0.055478850830331716,0.1097440069886755,0.21696842024152777,18,29,61,30.956245603504666,0.03637806465545574,0.9887277298589907,0.6408629490443422,23,20.926846176516634,0.046,0.0013723417560010318,0.016021882200391965,0.991206548801909,0.008793087045140488,3.6415295054447854e-07,0.023830329686405034,0.05126185735030149,0.10839423105326858,0.2143592827008768,18,28,49,29.837540306189663,0.03460093362979613,0.992106162773942,0.6899181187389717,23,29.211145295840215,0.046,8.106336328519975e-05,0.009170307025138807,0.625031347888064,0.37467606131697834,0.0002925907949576727,0.063357028468867,0.15988057975851866,0.40155273514015855,0.7800198983389688,5,11,18,11.45709557416379,0.09460149697625975,0.8010135098839234,0.19895139629929254,3.50938167842803e-05,0.063357028468867,0.1598805797585187,0.3616201300848413,0.746020299598958,6,12,19,12.26591769737103,0.07140329163698364,0.4015527351401586,0.7800198983389687,0.9392455949747467,0.9835005886614494
Gray-Scott reaction-diffusion,spirals,A,train,3,60,10.0,128x128,0.18235277956076995,0.8176472204392301,0.8926035850660554,0.08886029699736403,0.018536117936580485,0.6472585738072643,0.8315413120673892,0.9206448809431653,0.9604452312455838,1,4,21,2.183565511798913,0.07340877562295309,0.9357376631969131,0.12161478874243488,1,1.202942036950756,0.03333333333333333,0.014606509816445531,0.017176110502049213,0.9930800086205573,0.0069193888351152645,6.025443275455314e-07,0.7107136786049939,0.9622512505449812,0.9982207223977339,0.9999717771228893,1,2,3,1.7563468541000853,0.04455231355389629,0.9903549151190942,0.20225734951512378,2,1.642829857158965,0.06666666666666667,0.000533028734779011,0.002661535749345312,0.7302152646912121,0.2694763398560926,0.0003083954526952109,0.06067866014865073,0.22746374592786925,0.5206776557842347,0.8519383388879836,4,10,17,9.061099180552414,0.08078422840089283,0.8691534396592302,0.13080309759943418,4.346274133539128e-05,0.06067866014865072,0.22746374592786922,0.48853377302944756,0.8266683932542739,5,10,19,9.702381936063476,0.0606662251418602,0.5206776557842347,0.8519383388879835,0.9566744022093066,0.9871417328532894
Gray-Scott reaction-diffusion,spirals,A,settled,3,501,10.0,128x128,0.027848877974084734,0.9721511220259151,0.986223580456026,0.013074334607434112,0.0007020849365397864,0.0529167131133335,0.1072093006829396,0.2157065101648194,0.4645006689765725,9,14,28,15.404402987853054,0.03652702393388245,0.9897863355036975,0.6259519567248062,11,15.515019682821674,0.044,0.0003111687456855108,0.007159020186535574,0.9913536054432178,0.008646030867240036,3.636895420819167e-07,0.04475644307096732,0.09851808449633909,0.20633876705229243,0.4575225641709608,9,14,25,14.765851265978242,0.035441439672226065,0.9919426144926737,0.6561889697782862,11,18.109634841882098,0.044,0.0001267329980258287,0.004418351879813433,0.6180983100202382,0.3816084020272515,0.00029328795251039156,0.06558425173663462,0.16159180029432968,0.3934358225634579,0.7740035570778399,5,11,18,11.637822691759599,0.0954872551153721,0.7954958704287531,0.20446936959847628,3.4759972770627556e-05,0.06558425173663462,0.16159180029432968,0.3539842512826473,0.7401051357263249,6,12,20,12.44829872912841,0.07206462729809543,0.3934358225634579,0.7740035570778397,0.937655567809389,0.9832279832041619
Gray-Scott reaction-diffusion,spirals,B,full,3,1001,10.0,128x128,0.013383078007231103,0.9866169219927688,0.9456811441002079,0.052554374588556246,0.0017644813112358284,0.026963973999024855,0.05289491015520454,0.10538575250401375,0.20789933951710138,19,40,103,39.099310036185265,0.04371635058769249,0.9817396588890165,0.564491313980256,23,10.739319058696916,0.046,0.0031597205309868487,0.0237504115847117,0.9627459723540347,0.03725117701404479,2.8506319205136705e-06,0.023256476261083684,0.05110521626993059,0.1085444928821143,0.21473249530027025,18,37,72,37.15473019866448,0.03955406069829306,0.9883542873977396,0.6369274153465698,23,16.7112325297453,0.046,0.0009292909023741729,0.008270394092332609,0.40472443374426226,0.5921711077493521,0.0031044585063853916,0.03413208206291611,0.08737652349823877,0.23473273527497385,0.5616953190737441,8,15,27,16.363918290174805,0.13462818706011032,0.583109017114109,0.4164233408154659,0.00046764207042515957,0.03413208206291612,0.0873765234982388,0.20758005448301348,0.5192266841406169,8,17,29,17.66184493920345,0.10268824042509758,0.23473273527497385,0.5616953190737443,0.806126715627688,0.9209758105893234
Gray-Scott reaction-diffusion,spirals,B,train,3,60,10.0,128x128,0.12524684833915467,0.8747531516608451,0.7776091039861949,0.20055026397208486,0.02184063204172017,0.4713061769887028,0.6787968190873533,0.8336933443264409,0.9290377220393702,2,7,20,3.5580842342849572,0.0999769849333093,0.8999107805902747,0.03303788906082571,2,1.1100956453372492,0.06666666666666667,0.029748588214716803,0.006087463553730751,0.9681550252344804,0.031840036970587314,4.937794932307333e-06,0.6333765704772426,0.9014865916861758,0.9886534103260035,0.9997365138384212,1,2,5,2.0921650623990216,0.05050428209580496,0.9868873212437999,0.142545923074505,2,1.745944490896724,0.06666666666666667,0.0011112525414531018,0.002802317405817594,0.5262771547056898,0.4704493237256672,0.003273521568642907,0.03686434584000427,0.13573428643954266,0.33918588690694007,0.6703084405270903,6,14,26,13.964212466330034,0.11668325180824692,0.6927831292268204,0.30663872648415047,0.0005781442890293456,0.03686434584000428,0.13573428643954272,0.3118278529668653,0.6345968900600494,7,15,29,15.044221001640109,0.08872118858185188,0.33918588690694007,0.6703084405270902,0.8519470350349623,0.9358489779848734
Gray-Scott reaction-diffusion,spirals,B,settled,3,501,10.0,128x128,0.027636766224257554,0.9723632337757425,0.957861026659501,0.04145654132340235,0.000682432017096649,0.05310258612480263,0.10818410693540287,0.21431401939916186,0.442744647209027,9,19,39,18.98841107539626,0.0415428883054167,0.9860041842043029,0.5852047548800937,11,10.404266351684717,0.044,0.0008768947726600219,0.008466720843529951,0.962738049404347,0.03725908633662013,2.8642590328918684e-06,0.045313802257343945,0.09988697611370112,0.20517065636300885,0.4368573808348806,9,19,36,18.428103467873207,0.040564037589886595,0.9880983317353362,0.6135723747672859,11,12.02323261474204,0.044,0.0004861180082921346,0.0040319427042888375,0.396264176716898,0.6006268458863855,0.0031089773967164875,0.03535943630935693,0.08795236319403535,0.22752381079716352,0.5525553316225756,8,16,27,16.528768844572877,0.13597299871262464,0.5741354411819842,0.4254017720148822,0.00046278680313367374,0.03535943630935693,0.08795236319403535,0.20111216163724527,0.5105072198757302,8,17,29,17.835595640107815,0.1036958675322257,0.22752381079716355,0.5525553316225758,0.8020076939217758,0.9198279433357377
Gray-Scott reaction-diffusion,spots,A,full,3,1001,10.0,128x128,0.4963295104681711,0.503670489531829,0.9864280332506664,0.011410545235385594,0.002161421513947613,0.43447718946857605,0.6215096417177608,0.7867847196116883,0.9084715055286307,2,8,66,4.120182858005738,0.010729742712042252,0.9932481553760123,0.03891938511652248,6,1.2892816109272531,0.012,0.004033382306637613,0.024111504465646257,0.999994765721051,5.234276606239939e-06,2.34262505496598e-12,0.689715955369572,0.8637966295009053,0.9454847903066652,0.9863265340035628,1,3,9,1.9598357579679235,0.0034441808717110855,0.999,0.10755745522771416,1,1.144362214031906,0.002,9.86504316994653e-07,0.022550763487470007,0.11697748779955085,0.8817230306952948,0.001299481505154322,0.022402218954824252,0.050442036895879255,0.0868084255952836,0.1571255541716006,13,15,19,9.853008169810229,0.18492975844331666,0.16036938243478402,0.8395004495490657,0.00013016801615040407,0.022402218954824256,0.05044203689587926,0.08152716428358914,0.1425089161225112,14,16,21,7.528837724407012,0.1421640683546544,0.08680842559528361,0.15712555417160062,0.4697973115956383,0.9618235154656902
Gray-Scott reaction-diffusion,spots,A,train,3,60,10.0,128x128,0.5408013995628599,0.45919860043714017,0.7959422343502572,0.17692474127679028,0.027133024372952463,0.49793785118699263,0.6894572592453727,0.854019895327687,0.9343624521530621,2,6,23,3.3168784988919366,0.09828769994743185,0.8992974215547103,0.05406293136252826,3,1.129888837239516,0.1,0.006930073822750517,0.009358111667754168,0.9876086940041573,0.01238979845317931,1.5075426633829856e-06,0.760388794353342,0.9495095311179766,0.9962264333059989,0.9999050914011778,1,2,4,1.624719810795453,0.04361156703746678,0.9910140283322769,0.18935178362731236,1,1.2524615713797826,0.03333333333333333,0.00045634268780711133,0.000995959943301938,0.625982570093997,0.3735889296595104,0.0004285002464923681,0.0648180549279796,0.18833103245941069,0.4332779948242923,0.7668341421614051,5,11,18,11.580183364147342,0.09421102245338389,0.7894256285594663,0.21052898337874912,4.5388061784640345e-05,0.0648180549279796,0.18833103245941074,0.38982645092709045,0.7361984205914752,5,12,20,12.38140319608948,0.0709612497358002,0.4332779948242923,0.7668341421614051,0.9362996881009485,0.9834273416936492
Gray-Scott reaction-diffusion,spots,A,settled,3,501,10.0,128x128,0.9654095687706581,0.03459043122934182,0.9802842365063449,0.016546032810664,0.003169730682990708,0.6562769992127792,0.7969893144544199,0.8872481887183915,0.9403706878837056,1,5,49,2.1937388754752063,0.014238644233439233,0.9900100184237818,0.15168969260386506,1,1.3006213010455965,0.004,0.0009176278770783253,0.006702692744156032,0.9999998810954569,1.1890143448944291e-07,3.1086355756598723e-12,0.9083605841886545,0.9929461241400235,0.9995508463979262,0.9999604760843226,1,1,2,1.2014804854026773,0.004404106264279318,0.999,0.30174252154585185,1,1.4974176341391405,0.004,1.0447952524646295e-07,0.01247977287394169,0.002576907751895974,0.9958518285847726,0.001571263663331351,0.0002793990964575666,0.0004591331773101659,0.001108994036234198,0.0060474193283331186,14,16,19,6.3338647688606935,0.2112869366164172,0.0060241720260371225,0.9938180385789559,0.00015778939500699085,0.0002793990964575667,0.00045913317731016603,0.0009284801707515601,0.004335397225106871,14,16,20,4.178872199388409,0.1626917774505926,0.001108994036234198,0.006047419328333118,0.2950241794694234,0.9615970607451706
Gray-Scott reaction-diffusion,spots,B,full,3,1001,10.0,128x128,0.5949449776746508,0.4050550223253491,0.9806434167864772,0.017235847920447585,0.0021207352930753785,0.49092023764623033,0.6558229846572154,0.7892235685391407,0.8972792227814987,2,9,96,3.5561079310030475,0.011883309102351611,0.9917374441802388,0.08990197747516494,1,1.2175187965938041,0.002,0.006487327991531423,0.05179927090083174,0.9999889739150872,1.1026077205536093e-05,7.707320830294546e-12,0.678595599986692,0.8708125757186116,0.949247720536559,0.9853900172151672,1,3,10,1.9946342801813983,0.003455570578363196,0.999,0.11457340144542028,2,1.251971411990179,0.004,3.1864731099891148e-06,0.023146610047648366,0.04255772383857942,0.9507545999804542,0.0066876761809665335,0.0066760277233946785,0.015487755706911816,0.02892620202778966,0.06551699871420845,13,16,27,8.51667715568002,0.20630458133005383,0.06676197346484224,0.9324266673755117,0.0008113591596459933,0.006676027723394678,0.015487755706911813,0.0266546628892627,0.05601315464318332,14,17,30,6.411927778163628,0.1588676798630254,0.028926202027789658,0.06551699871420845,0.36438647398186624,0.9271369307775298
Gray-Scott reaction-diffusion,spots,B,train,3,60,10.0,128x128,0.45158903750961277,0.5484109624903873,0.6911654933314624,0.2796356611091056,0.029198845559431856,0.4115523415605055,0.5813537757292182,0.7627640758934409,0.8947777611782408,2,9,21,4.521899456773686,0.12101703069657468,0.8644230404182741,0.05284883098317143,9,1.1977971686089417,0.3,0.02354873980442215,0.007823910978590892,0.9783248579708435,0.021668148760520863,6.993268635620125e-06,0.7163107980287958,0.9321833645714719,0.9917150637603868,0.9996495482474861,1,2,4,1.7792347507069068,0.046255889166318925,0.989315817557387,0.1724713720312519,2,1.4087879173715787,0.06666666666666667,0.0014207379395890169,0.0023247522712050413,0.4625422166473082,0.5338915612313745,0.0035662221213173207,0.04004636859149009,0.11740725244577005,0.2974769039087716,0.6106642448177133,7,14,27,15.318838774072404,0.12455613314788769,0.6336943539631232,0.36580897942537827,0.000496666611498387,0.04004636859149009,0.11740725244577005,0.26082615632866113,0.5738778376884937,7,15,29,16.46143612424388,0.09464055420519751,0.29747690390877163,0.6106642448177133,0.8438291499347644,0.938704899421709
Gray-Scott reaction-diffusion,spots,B,settled,3,501,10.0,128x128,0.9644999493162051,0.035500050683794894,0.9805086844728299,0.016357689030213778,0.0031336264969565398,0.659146030530123,0.7989624587049676,0.8884714447797053,0.9410471369293364,1,5,49,2.177341211935989,0.014128492905261306,0.9901223520921134,0.1527421672953152,1,1.3016212520963573,0.004,0.0009127734544255303,0.006704037355544984,0.9999998978481442,1.0214914403878048e-07,2.7117029824545258e-12,0.906527530198932,0.9929849226457651,0.9995418921902349,0.9999631860347591,1,1,2,1.205837078365272,0.0044112981031890555,0.999,0.2999094675561293,1,1.494395874480787,0.004,8.777463377342642e-08,0.012101993942516067,0.0008459557607148333,0.9919898933290909,0.007164150910194151,6.978999841026003e-05,0.00011669920306500004,0.00031102155444047284,0.0026042492987284147,14,16,27,6.572333546694971,0.2177443287669691,0.0024847283169945845,0.9966569872270407,0.0008582844559646393,6.978999841026002e-05,0.00011669920306500001,0.00025289830750940974,0.0016165421035342418,15,17,28,4.379007880000807,0.16778814149795812,0.0003110215544404729,0.0026042492987284147,0.2660030256653746,0.9360949739493967
Gray-Scott reaction-diffusion,worms,A,full,3,1001,10.0,128x128,0.6253038587232758,0.374696141276724,0.9868025686230878,0.010596422138514998,0.002601009238397307,0.679084694081713,0.8201153598328119,0.9084803050044467,0.9509530700174628,1,4,68,2.057917480818074,0.008599539441780874,0.9927547109729333,0.24570627317010282,1,1.5669554858159769,0.002,0.0035432598833783965,0.059956406598928404,0.9999992951727618,7.048266466047481e-07,5.917764441770665e-13,0.6798100673376134,0.8953831682326692,0.976605690768684,0.9981341353396939,1,3,6,1.9507756269500627,0.0030485953758540114,0.999,0.13914399395947782,2,1.4040974190078577,0.004,1.6824358624908572e-07,0.014544459366380018,0.2456632765443621,0.7534407784411935,0.0008959450144442078,0.014205603679603877,0.04995939477866389,0.1400462937424646,0.4046717306408869,9,15,22,14.661149313383337,0.14856712884237167,0.4209894288964971,0.5788100876373632,0.0002004834661397187,0.01420560367960388,0.0499593947786639,0.12643975893836976,0.35030693041822497,10,16,24,15.465929336836446,0.11381135563955765,0.1400462937424646,0.4046717306408869,0.7832528305100804,0.9460773083146551
Gray-Scott reaction-diffusion,worms,A,train,3,60,10.0,128x128,0.793453432991225,0.2065465670087749,0.6326150957698906,0.2849819848985554,0.082402919331554,0.31059348844546075,0.5083424273270384,0.7070563485857244,0.83055506408775,2,14,28,6.158499202429822,0.16528409881970127,0.7668943209916899,0.08185184186453735,1,1.2400687979492415,0.03333333333333333,0.06060280533123486,0.023803622014363122,0.9735370486082625,0.026457879671384542,5.071720352957954e-06,0.8335730894652097,0.9324081492734242,0.9911855149834043,0.9997615754078425,1,2,4,1.4151151833617637,0.04246470122927516,0.9922757224886343,0.22605598986959277,1,1.3720981516735298,0.03333333333333333,0.0025123801367894763,0.008093237725651058,0.48578244126273895,0.5132082599723761,0.0010092987648848443,0.02121562007178001,0.07242028360235558,0.27595144133827293,0.6527133074094599,7,14,21,13.390388975226111,0.11903455745894903,0.6793150286205119,0.3205253010538694,0.00015967032561873463,0.02121562007178001,0.07242028360235558,0.24940237073993843,0.6129473557816263,7,15,23,14.496636905165277,0.09027869486358539,0.27595144133827293,0.6527133074094599,0.8611565851441706,0.9574626961939559
Gray-Scott reaction-diffusion,worms,A,settled,3,501,10.0,128x128,0.8747338631913232,0.12526613680867688,0.985585967985509,0.012097175818613134,0.002316856195878018,0.6986524819167478,0.8366272600173219,0.9156616948222488,0.9561310075504325,1,4,36,1.9563385601135612,0.01178416662270796,0.9926508211382109,0.15287604490310183,1,1.280107447913292,0.004,0.00028334969212644666,0.006685942832631977,0.9999988060596566,1.1939387456663614e-06,1.5976302325296608e-12,0.7850245670320333,0.9628980166922587,0.9964321604148141,0.9994765387812234,1,2,3,1.5415618665043123,0.005083824467643289,0.999,0.20389671615597768,1,1.2941002178734702,0.004,1.0674268343698003e-07,0.0006060771641017093,0.16352155752719105,0.8356213696333717,0.0008570728394371643,0.011228596893648598,0.034629615547409585,0.09046500674560645,0.30912820418966025,10,15,23,13.193630528846198,0.1598458769396383,0.3187535129364065,0.6810327695416556,0.00021371752193791863,0.011228596893648602,0.03462961554740959,0.08306093237383332,0.2489190048349886,11,16,25,13.387154073209638,0.12312808149624781,0.09046500674560645,0.3091282041896603,0.7503687226292982,0.9426440358632151
Gray-Scott reaction-diffusion,worms,B,full,3,1001,10.0,128x128,0.6218060519912741,0.37819394800872586,0.9856302291923026,0.01259409438330008,0.0017756764243973713,0.6619215427314189,0.8048190836211426,0.8992923846597977,0.9483442861168374,1,5,74,2.1543369576078226,0.00855082134577755,0.993631269102895,0.20108767632620816,1,1.436356116564992,0.002,0.0040141676188898915,0.05409895311727255,0.9999983381532073,1.6618455950552882e-06,1.1977125699614038e-12,0.6405869354296787,0.8607658352748375,0.9585976385726855,0.9953731570567153,1,3,7,2.152198532707316,0.0033481420008080486,0.999,0.10452666100164631,2,1.43409647914782,0.004,6.170327091471781e-07,0.017909827662387676,0.1615904418372792,0.8341738375251158,0.004235720637605021,0.008337603804961612,0.029732723479418112,0.08705244611329657,0.2911413108735594,11,17,27,15.433722562714973,0.17252861673567765,0.30307528230886155,0.6957492232430984,0.0011754944480401425,0.008337603804961612,0.029732723479418112,0.07802985905487261,0.24286933355068793,12,18,29,16.102955767280868,0.1326959880938748,0.08705244611329657,0.2911413108735594,0.6763233380790411,0.8894962399238345
Gray-Scott reaction-diffusion,worms,B,train,3,60,10.0,128x128,0.7719903799004504,0.22800962009954975,0.6283941664525554,0.32355871896425054,0.048047114583193905,0.30955109155278526,0.5020053799098043,0.7068210341857792,0.8504976949760906,2,11,24,6.160739502213272,0.14746229359110843,0.8143410428874381,0.030049547954929087,10,1.2103779858901034,0.3333333333333333,0.015028213454321373,0.01784378266195909,0.973386490982448,0.026602206329576786,1.1302687974965706e-05,0.8368064926025169,0.9374991673532378,0.9898496311928314,0.9995562779911416,1,2,5,1.404515185398319,0.04232152906141272,0.9923609888380656,0.22926444081289282,1,1.3773639045026649,0.03333333333333333,0.0018657507735260418,0.007573399869446104,0.38605995261853476,0.6090089749089026,0.004931072472562931,0.015355385938214042,0.053016720327219546,0.21211915406635523,0.5395834326840437,8,16,28,16.35522786947009,0.1422963414011093,0.5643213712635275,0.43468871269632336,0.0009899160401493133,0.015355385938214042,0.053016720327219546,0.19162154204715523,0.5005401503648605,8,17,30,17.77487530832905,0.10846028174492309,0.21211915406635523,0.5395834326840437,0.7679429721723197,0.9068232875157202
Gray-Scott reaction-diffusion,worms,B,settled,3,501,10.0,128x128,0.8661783804708248,0.1338216195291751,0.9865181817207253,0.011315199093443692,0.002166619185831067,0.6919375413673405,0.8357104697910258,0.91920654846174,0.958811241969087,1,4,34,1.984683009826322,0.011466055779952947,0.9931047723006232,0.13959517022944012,1,1.2527330466099407,0.004,0.0003502383510051027,0.009654443504595642,0.999997992658159,2.0073404368543305e-06,1.4043180654226792e-12,0.746553196917689,0.942326402328808,0.9934271621141523,0.9992956126444809,1,2,4,1.6739063972772485,0.005374781524154952,0.999,0.183325101792527,2,1.2847423910756632,0.008,1.8747269612353198e-07,0.0028567609136953397,0.10108972948295326,0.8950130815346634,0.003897188982383381,0.006212528983261712,0.019429818199434894,0.05263814308402952,0.21525056286303826,11,17,27,13.690173588691678,0.18139882819971231,0.22068814289488226,0.7781126036816326,0.001199253423485211,0.006212528983261713,0.019429818199434894,0.04799919205277901,0.16405676091825475,12,18,29,13.738179212177366,0.14018528813730846,0.05263814308402952,0.21525056286303829,0.6479581377447293,0.8870456326087605
