arm,ky,kx,radius,extracted_magnitude,extracted_freq,extracted_sigma,label,exact_magnitude,exact_freq,magnitude_error,freq_error
rotating,-6,0,6.0,0.8402929636379519,0.023969753546316228,-0.1740046817139269,damped,0.8704096536513517,0.0238732414637843,-0.030116690013399783,9.65120825319292e-05
rotating,-5,0,5.0,0.8956115552661232,0.02373283852691442,-0.11024849207846255,damped,0.9081162722143948,0.0238732414637843,-0.0125047169482716,-0.0001404029368698781
rotating,-5,1,5.0990195135927845,0.8402841772554077,0.023971628045852567,-0.17401513810099833,damped,0.9046219388421827,0.023873241463784306,-0.06433776158677496,9.838658206826056e-05
rotating,-5,2,5.385164807134504,0.8402580776027406,0.0239683365824843,-0.17404619909050184,damped,0.8942194068777493,0.023873241463784306,-0.05396132927500863,9.509511869999418e-05
rotating,-5,3,5.830951894845301,0.8402314504735123,0.023969099960086154,-0.17407788881993563,damped,0.8771470002880658,0.0238732414637843,-0.03691554981455347,9.585849630185453e-05
rotating,-4,0,4.0,0.941394536024588,0.023767071397245133,-0.06039295412734156,damped,0.9401789706739411,0.0238732414637843,0.00121556535064693,-0.00010617006653916572
rotating,-4,1,4.123105625617661,0.9326063431185949,0.023901557650271927,-0.06977209308848324,damped,0.9365612634996526,0.023873241463784296,-0.003954920381057714,2.8316186487631345e-05
rotating,-4,2,4.47213595499958,0.9228695146320752,0.023754215553480316,-0.08026742540259262,damped,0.9257914512036179,0.023873241463784306,-0.002921936571542716,-0.0001190259103039902
rotating,-4,3,5.0,0.9054248631136378,0.0239326701622719,-0.09935098344100106,damped,0.9081162722143948,0.0238732414637843,-0.0026914091007570473,5.942869848760135e-05
rotating,-4,4,5.656854249492381,0.8829127967131136,0.024142664567609516,-0.12452884122436013,damped,0.8839364968975113,0.023873241463784306,-0.00102370018439768,0.0002694231038252101
rotating,-3,0,3.0,0.9642357213815321,0.024071775018830576,-0.03641949000807298,damped,0.9658972392920434,0.023873241463784306,-0.0016615179105112787,0.0001985335550462701
rotating,-3,1,3.1622776601683795,0.9592248272819192,0.023770784717540273,-0.041629792282366296,damped,0.9621805709967428,0.023873241463784306,-0.0029557437148236554,-0.00010245674624403261
rotating,-3,2,3.605551275463989,0.9469120680215457,0.02402729470396746,-0.05454904330512926,damped,0.9511161542325851,0.0238732414637843,-0.004204086211039404,0.0001540532401831593
rotating,-3,3,4.242640687119285,0.930229790701053,0.024074243341892104,-0.0723236365804194,damped,0.9329574768719912,0.0238732414637843,-0.002727686170938104,0.00020100187810780448
rotating,-3,4,5.0,0.90672757597537,0.023977399544461354,-0.09791323123203827,damped,0.9081162722143948,0.0238732414637843,-0.0013886962390248225,0.00010415808067705534
rotating,-3,5,5.830951894845301,0.8754513279421466,0.024193318481263822,-0.13301572224289768,damped,0.8771470002880658,0.0238732414637843,-0.0016956723459191636,0.00032007701747952325
rotating,-2,0,2.0,0.9823304750787816,0.024045865882293026,-0.017827494575304012,damped,0.9846970418195912,0.023873241463784306,-0.0023665667408095947,0.00017262441850872043
rotating,-2,1,2.23606797749979,0.9774969767538897,0.023894004153666614,-0.022760079962294497,damped,0.9809080339138542,0.0238732414637843,-0.0034110571599644812,2.0762689882315027e-05
rotating,-2,2,2.8284271247461903,0.9655298886682189,0.024062669064725446,-0.03507822091926285,damped,0.9696282641682539,0.0238732414637843,-0.004098375500035001,0.0001894276009411465
rotating,-2,3,3.605551275463989,0.9484936627080283,0.02421280854885895,-0.05288017101259559,damped,0.9511161542325851,0.0238732414637843,-0.002622491524556847,0.00033956708507465114
rotating,-2,4,4.47213595499958,0.9230809358475807,0.024033455329407913,-0.08003836051477295,damped,0.9257914512036179,0.023873241463784306,-0.0027105153560372797,0.00016021386562360684
rotating,-2,5,5.385164807134504,0.892105234407678,0.02408602004518635,-0.11417117756736334,damped,0.8942194068777493,0.023873241463784306,-0.002114172470071285,0.00021277858140204484
rotating,-1,0,1.0,0.9926154483895068,0.023950157077689195,-0.007411952390057905,damped,0.9961521079633432,0.0238732414637843,-0.0035366595738364204,7.691561390489599e-05
rotating,-1,1,1.4142135623730951,0.9890233645691515,0.02402123824006681,-0.011037323200508396,damped,0.9923190221998122,0.0238732414637843,-0.003295657630660642,0.00014799677628251143
rotating,-1,2,2.23606797749979,0.9780126430100998,0.023996532181877778,-0.022232681617688,damped,0.9809080339138542,0.0238732414637843,-0.002895390903754347,0.00012329071809347864
rotating,-1,3,3.1622776601683795,0.9594484110518887,0.02403415885657476,-0.041396731470848686,damped,0.9621805709967428,0.023873241463784306,-0.0027321599448540956,0.00016091739279045295
rotating,-1,4,4.123105625617661,0.933656598918518,0.023964882012699994,-0.06864657547021254,damped,0.9365612634996526,0.023873241463784296,-0.002904664581134586,9.164054891569809e-05
rotating,-1,5,5.0990195135927845,0.902466403755908,0.023709428083598775,-0.10262381522322325,damped,0.9046219388421827,0.023873241463784306,-0.0021555350862746403,-0.00016381338018553113
rotating,0,0,0.0,0.9973770205239152,0.024089611601002946,-0.0026264255139942646,resonant,0.9999999999999999,0.0238732414637843,-0.002622979476084697,0.00021637013721864662
rotating,0,1,1.0,0.9931778706704124,0.023848750886595493,-0.006845506435641889,damped,0.9961521079633432,0.0238732414637843,-0.0029742372929307814,-2.4490577188805707e-05
rotating,0,2,2.0,0.9818717970466141,0.024046827873348896,-0.018294532056131844,damped,0.9846970418195912,0.023873241463784306,-0.0028252447729770758,0.00017358640956459045
rotating,0,3,3.0,0.9646016541013446,0.024005763128244813,-0.03604005654327805,damped,0.9658972392920434,0.023873241463784306,-0.0012955851906988336,0.00013252166446050748
rotating,0,4,4.0,0.9371540615688055,0.024150248856048308,-0.06490759022846436,damped,0.9401789706739411,0.0238732414637843,-0.0030249091051355315,0.0002770073922640087
rotating,0,5,5.0,0.9057715017330039,0.02412822163827968,-0.09896821034104755,damped,0.9081162722143948,0.0238732414637843,-0.002344770481390923,0.0002549801744953818
rotating,0,6,6.0,0.8682331364976504,0.023711899972304138,-0.14129500995065916,damped,0.8704096536513517,0.0238732414637843,-0.002176517153701263,-0.000161341491480161
rotating,1,0,1.0,0.9926195126135164,0.02394957621767137,-0.007407857938681104,damped,0.9961521079633432,0.0238732414637843,-0.0035325953498267504,7.633475388707164e-05
rotating,1,1,1.4142135623730951,0.9897476098863963,0.02400425909892607,-0.010305307864792824,damped,0.9923190221998122,0.0238732414637843,-0.002571412313415844,0.00013101763514176967
rotating,1,2,2.23606797749979,0.977753962539664,0.0239189206919927,-0.0224972126422083,damped,0.9809080339138542,0.0238732414637843,-0.003154071374190215,4.567922820839995e-05
rotating,1,3,3.1622776601683795,0.9597058755468977,0.024040582959676485,-0.041128421102733535,damped,0.9621805709967428,0.023873241463784306,-0.0024746954498451323,0.00016734149589217942
rotating,1,4,4.123105625617661,0.9328595913176436,0.024183654693567064,-0.06950058108075419,damped,0.9365612634996526,0.023873241463784296,-0.003701672182009008,0.00031041322978276817
rotating,1,5,5.0990195135927845,0.9017406356697042,0.02395287039289742,-0.10342834387153403,damped,0.9046219388421827,0.023873241463784306,-0.0028813031724784777,7.962892911311456e-05
rotating,2,0,2.0,0.9823388945060151,0.024044834482745907,-0.017818923741591327,damped,0.9846970418195912,0.023873241463784306,-0.0023581473135760866,0.00017159301896160079
rotating,2,1,2.23606797749979,0.9777302142470973,0.023997929179626905,-0.02252150155525578,damped,0.9809080339138542,0.0238732414637843,-0.003177819666756898,0.00012468771584260574
rotating,2,2,2.8284271247461903,0.9666343485745624,0.023919317164104944,-0.03393498474363348,damped,0.9696282641682539,0.0238732414637843,-0.002993915593691443,4.6075700320644813e-05
rotating,2,3,3.605551275463989,0.9481761016334104,0.02399175553501849,-0.05321503276191605,damped,0.9511161542325851,0.0238732414637843,-0.002940052599174736,0.00011851407123419228
rotating,2,4,4.47213595499958,0.9229983284833205,0.023868158926608443,-0.08012785544157416,damped,0.9257914512036179,0.023873241463784306,-0.002793122720297414,-5.082537175862822e-06
rotating,2,5,5.385164807134504,0.8920563409319816,0.023953928067253286,-0.11422598591699311,damped,0.8942194068777493,0.023873241463784306,-0.0021630659457676504,8.06866034689796e-05
rotating,3,0,3.0,0.9642385029430942,0.024068488510142132,-0.03641660528031567,damped,0.9658972392920434,0.023873241463784306,-0.0016587363489491969,0.0001952470463578264
rotating,3,1,3.1622776601683795,0.9587792695716155,0.023962397828262854,-0.04209439787841205,damped,0.9621805709967428,0.023873241463784306,-0.00340130142512729,8.9156364478548e-05
rotating,3,2,3.605551275463989,0.9481963469176744,0.024159620526775703,-0.053193681171114074,damped,0.9511161542325851,0.0238732414637843,-0.002919807314910705,0.00028637906299140356
rotating,3,3,4.242640687119285,0.9309418971781093,0.02435296895207284,-0.07155841269866506,damped,0.9329574768719912,0.0238732414637843,-0.002015579693881886,0.0004797274882885408
rotating,3,4,5.0,0.9059252786356788,0.02401726571573432,-0.09879845025237206,damped,0.9081162722143948,0.0238732414637843,-0.002190993578715994,0.00014402425195001942
rotating,3,5,5.830951894845301,0.875333464606622,0.02411990092750007,-0.13315036281803214,damped,0.8771470002880658,0.0238732414637843,-0.001813535681443823,0.0002466594637157704
rotating,4,0,4.0,0.9414051198850976,0.02376632774116989,-0.060381711443632274,damped,0.9401789706739411,0.0238732414637843,0.001226149211156491,-0.00010691372261440943
rotating,4,1,4.123105625617661,0.9328059773475834,0.023948844421166703,-0.06955805544376484,damped,0.9365612634996526,0.023873241463784296,-0.003755286152069215,7.5602957382407e-05
rotating,4,2,4.47213595499958,0.92205399756039,0.023720207865539415,-0.08115149145672577,damped,0.9257914512036179,0.023873241463784306,-0.0037374536432279726,-0.00015303359824489146
rotating,4,3,5.0,0.9060834591702656,0.024091161241768442,-0.09862385889231047,damped,0.9081162722143948,0.0238732414637843,-0.002032813044129278,0.00021791977798414283
rotating,4,4,5.656854249492381,0.8840273113855606,0.024000232179768793,-0.1232673215892069,damped,0.8839364968975113,0.023873241463784306,9.081448804926229e-05,0.0001269907159844874
rotating,5,0,5.0,0.8956124457149859,0.023734299086789666,-0.1102474978433896,damped,0.9081162722143948,0.0238732414637843,-0.012503826499408954,-0.00013894237699463297
rotating,5,1,5.0990195135927845,0.9060126137816273,0.02399149713334096,-0.09870205053979736,damped,0.9046219388421827,0.023873241463784306,0.0013906749394446694,0.00011825566955665431
rotating,5,2,5.385164807134504,0.8964811462981195,0.02379107728429761,-0.1092780165003998,damped,0.8942194068777493,0.023873241463784306,0.0022617394203702235,-8.21641794866955e-05
rotating,5,3,5.830951894845301,0.8782551674789127,0.023591735186317582,-0.1298181040175721,damped,0.8771470002880658,0.0238732414637843,0.0011081671908469426,-0.0002815062774667171
rotating,6,0,6.0,0.8403063690448184,0.0239738838718849,-0.1739887285874368,damped,0.8704096536513517,0.0238732414637843,-0.03010328460653333,0.00010064240810059993
advection,-6,0,6.0,0.9500986597194728,0.00021441321828272024,-0.051189447443543895,damped,0.9862167399039081,0.0,-0.0361180801844353,0.00021441321828272024
advection,-5,0,5.0,0.982910016749357,9.04066245067006e-07,-0.01723770244575556,damped,0.9904080138578515,0.0,-0.007497997108494525,9.04066245067006e-07
advection,-5,1,5.0990195135927845,0.9502983305620049,0.0006730159491538506,-0.050979311514800715,damped,0.990026254042921,0.015625,-0.03972792348091614,-0.01495198405084615
advection,-5,2,5.385164807134504,0.9486171314809982,0.0018189121678461487,-0.05275000594946643,damped,0.9888818572834879,0.03125,-0.04026472580248963,-0.02943108783215385
advection,-5,3,5.830951894845301,0.9474025546916323,0.002495170873480473,-0.05403119196706041,damped,0.9869774682350012,0.046875,-0.03957491354336895,-0.04437982912651953
advection,-4,0,4.0,0.9974205995418846,0.0004267327639482017,-0.002582732843080752,primary,0.9938504834036374,0.0,0.0035701161382472035,0.0004267327639482017
advection,-4,1,4.123105625617661,0.9877164646572999,0.01481341058303127,-0.012359601512450467,damped,0.9934673966643301,0.015625,-0.005750932007030252,-0.0008115894169687301
advection,-4,2,4.47213595499958,0.9924877702516616,0.030699824323372392,-0.007540588661282791,damped,0.9923190221998122,0.031249999999999997,0.00016874805184941,-0.0005501756766276046
advection,-4,3,5.0,0.9819170465168319,0.045564228140762844,-0.018248448211247912,damped,0.9904080138578515,0.04687499999999999,-0.008490967341019617,-0.001310771859237149
advection,-4,4,5.656854249492381,0.9826323972425594,0.06085397658816145,-0.017520188854257848,damped,0.9877387833616438,0.06250000000000001,-0.005106386119084427,-0.0016460234118385667
advection,-3,0,3.0,0.9977481105155459,1.530764393418255e-05,-0.002254428800468122,primary,0.9965362299427611,0.0,0.0012118805727847626,1.530764393418255e-05
advection,-3,1,3.1622776601683795,0.9921282829999465,0.015543225917555534,-0.007902862517787943,damped,0.9961521079633432,0.015625,-0.004023824963396705,-8.177408244446592e-05
advection,-3,2,3.605551275463989,0.98947320546613,0.031304971591603184,-0.01058259316807575,damped,0.9950006301721226,0.03125,-0.005527424705992545,5.497159160318399e-05
advection,-3,3,4.242640687119285,0.9842323719608184,0.04574086509128754,-0.01589325944230712,damped,0.9930844575885316,0.04687499999999999,-0.008852085627713224,-0.0011341349087124544
advection,-3,4,5.0,0.9877357102888992,0.06105206114374561,-0.012340116726289641,damped,0.9904080138578515,0.06250000000000001,-0.0026723035689523167,-0.0014479388562544035
advection,-3,5,5.830951894845301,0.9822429546068592,0.07646766005260218,-0.01791659327801252,damped,0.9869774682350012,0.078125,-0.004734513628142034,-0.0016573399473978206
advection,-2,0,2.0,0.9976092633390539,0.00043699181620467846,-0.002393599034868711,primary,0.9984590627771489,0.0,-0.0008497994380950447,0.00043699181620467846
advection,-2,1,2.23606797749979,0.9968046449226071,0.015774564493513155,-0.003200471125729185,resonant,0.9980741996281355,0.015625,-0.001269554705528364,0.0001495644935131553
advection,-2,2,2.8284271247461903,0.9930396884254215,0.03141009839883898,-0.006984647532830456,damped,0.9969205000418225,0.031249999999999997,-0.003880811616401081,0.00016009839883898355
advection,-2,3,3.605551275463989,0.9874735548957586,0.04629625006549616,-0.012605562417843112,damped,0.9950006301721226,0.046875,-0.0075270752763639814,-0.0005787499345038388
advection,-2,4,4.47213595499958,0.987786092696561,0.06122288925513824,-0.01228911004279301,damped,0.992319022199812,0.06250000000000001,-0.004532929503251015,-0.0012771107448617744
advection,-2,5,5.385164807134504,0.98881971525186,0.07638299169705336,-0.011243253913707011,damped,0.988881857283488,0.078125,-6.214203162802079e-05,-0.0017420083029466432
advection,-1,0,1.0,1.0000034832785047,0.000591752699048013,3.4832724381451297e-06,primary,0.9996145428857715,0.0,0.0003889403927332946,0.000591752699048013
advection,-1,1,1.4142135623730951,0.9959454919037489,0.015357974597173266,-0.004062749899384103,resonant,0.9992292343487298,0.015625,-0.003283742444980864,-0.00026702540282673437
advection,-1,2,2.23606797749979,0.9942813784868947,0.031079589588643805,-0.005735035435696603,damped,0.9980741996281355,0.031249999999999997,-0.0037928211412407986,-0.00017041041135619148
advection,-1,3,3.1622776601683795,0.9893508075438957,0.046450086754005464,-0.010706300907203347,damped,0.9961521079633432,0.04687499999999999,-0.006801300419447487,-0.0004249132459945293
advection,-1,4,4.123105625617661,0.9943344996391985,0.06143285265329623,-0.005681610183589577,damped,0.99346739666433,0.06250000000000001,0.0008671029748684722,-0.0010671473467037812
advection,-1,5,5.0990195135927845,0.9873626777550734,0.07635495413390034,-0.012717852377859619,damped,0.990026254042921,0.078125,-0.0026635762878476354,-0.001770045866099662
advection,0,0,0.0,0.9929738898645155,0.0,-0.007050909477511287,damped,1.0,0.0,-0.007026110135484487,0.0
advection,0,1,1.0,0.9976392904134563,0.015593105395689555,-0.002363500454570766,resonant,0.9996145428857715,0.015625,-0.0019752524723151144,-3.189460431044476e-05
advection,0,2,2.0,0.9965823247873101,0.03165371795269141,-0.003423528805544496,resonant,0.9984590627771489,0.03125,-0.0018767379898387837,0.00040371795269140975
advection,0,3,3.0,0.994418348689285,0.04656651847756895,-0.005597286935271745,damped,0.996536229942761,0.04687499999999999,-0.002117881253476006,-0.0003084815224310422
advection,0,4,4.0,0.9913418120640092,0.061753890732401416,-0.00869588781129898,damped,0.9938504834036372,0.0625,-0.0025086713396280658,-0.0007461092675985839
advection,0,5,5.0,0.9933009280257877,0.07693813776452174,-0.0067216114757626295,damped,0.9904080138578515,0.078125,0.0028929141679362447,-0.0011868622354782588
advection,0,6,6.0,0.991277857654986,0.09267132698153274,-0.008760402866830965,damped,0.9862167399039081,0.09375,0.00506111775107787,-0.0010786730184672577
advection,1,0,1.0,1.0000113997593825,0.0005915551622705479,1.1399694405705667e-05,primary,0.9996145428857715,0.0,0.00039685687361101785,0.0005915551622705479
advection,1,1,1.4142135623730951,0.9955200544980488,0.015828107871122994,-0.004490010529567561,resonant,0.9992292343487298,0.015625,-0.003709179850680977,0.00020310787112299417
advection,1,2,2.23606797749979,0.993280614255594,0.032391352416364025,-0.006742062456265666,damped,0.9980741996281355,0.031249999999999997,-0.004793585372541487,0.0011413524163640283
advection,1,3,3.1622776601683795,0.9940526307362403,0.046656254852738076,-0.0059651253004803974,damped,0.9961521079633432,0.04687499999999999,-0.0020994772271029083,-0.0002187451472619173
advection,1,4,4.123105625617661,0.9902195695427721,0.061175514343938725,-0.00982857302775311,damped,0.99346739666433,0.06250000000000001,-0.0032478271215579113,-0.0013244856560612889
advection,1,5,5.0990195135927845,0.9885786674169278,0.07737463211165878,-0.011487056920970354,damped,0.990026254042921,0.078125,-0.0014475866259932024,-0.0007503678883412218
advection,2,0,2.0,0.9976081308899308,0.0004365768818206186,-0.0023947341985118375,primary,0.9984590627771489,0.0,-0.000850931887218076,0.0004365768818206186
advection,2,1,2.23606797749979,0.9990049015766906,0.015942771463033936,-0.0009955938624464685,resonant,0.9980741996281355,0.015625,0.0009307019485551571,0.0003177714630339355
advection,2,2,2.8284271247461903,0.9939897389411024,0.03179733123071737,-0.0060283953757243585,damped,0.9969205000418225,0.031249999999999997,-0.002930761100720103,0.0005473312307173704
advection,2,3,3.605551275463989,0.9902727134396967,0.04618385413228123,-0.009774905666972193,damped,0.9950006301721226,0.046875,-0.004727916732425896,-0.000691145867718769
advection,2,4,4.47213595499958,0.9856280339200959,0.061485767063777036,-0.014476243100799773,damped,0.992319022199812,0.06250000000000001,-0.006690988279716148,-0.001014232936222978
advection,2,5,5.385164807134504,0.9877731083676611,0.07787598098964955,-0.012302255008424157,damped,0.988881857283488,0.078125,-0.001108748915826907,-0.0002490190103504458
advection,3,0,3.0,0.9977527644352959,1.5250322054047525e-05,-0.0022497643878302245,primary,0.9965362299427611,0.0,0.001216534492534782,1.5250322054047525e-05
advection,3,1,3.1622776601683795,0.9929552116849822,0.014938667065842612,-0.007069719997503414,damped,0.9961521079633432,0.015625,-0.00319689627836095,-0.0006863329341573882
advection,3,2,3.605551275463989,0.9932676562571134,0.032227926381814806,-0.006755108198645131,damped,0.9950006301721226,0.03125,-0.0017329739150091505,0.000977926381814806
advection,3,3,4.242640687119285,0.9910243383042632,0.046865864355903154,-0.009016185615416727,damped,0.9930844575885316,0.04687499999999999,-0.0020601192842684135,-9.135644096838758e-06
advection,3,4,5.0,0.9864199017249954,0.062112931094914,-0.013673151215307166,damped,0.9904080138578515,0.06250000000000001,-0.003988112132856103,-0.00038706890508601044
advection,3,5,5.830951894845301,0.9825115941542629,0.07697850408321366,-0.0176431346424316,damped,0.9869774682350012,0.078125,-0.004465874080738286,-0.0011464959167863387
advection,4,0,4.0,0.9974126529616393,0.00042751823317078633,-0.002590700005484272,primary,0.9938504834036374,0.0,0.0035621695580019264,0.00042751823317078633
advection,4,1,4.123105625617661,0.9888156209120733,0.01601715158676786,-0.01124739455552483,damped,0.9934673966643301,0.015625,-0.004651775752256837,0.0003921515867678603
advection,4,2,4.47213595499958,0.9925664296376524,0.03241196383144129,-0.00746133703577414,damped,0.9923190221998122,0.031249999999999997,0.00024740743784024133,0.0011619638314412963
advection,4,3,5.0,0.9870227917913116,0.04607362344481235,-0.01306214782812684,damped,0.9904080138578515,0.04687499999999999,-0.0033852220665399058,-0.0008013765551876453
advection,4,4,5.656854249492381,0.9854864928981054,0.061672310876984736,-0.01461985831981218,damped,0.9877387833616438,0.06250000000000001,-0.0022522904635383645,-0.000827689123015278
advection,5,0,5.0,0.9829040317142791,1.2321353826809436e-06,-0.017243791561948992,damped,0.9904080138578515,0.0,-0.007503982143572396,1.2321353826809436e-06
advection,5,1,5.0990195135927845,0.9887729515354141,0.015935785667087653,-0.011290547491641378,damped,0.990026254042921,0.015625,-0.0012533025075068815,0.0003107856670876534
advection,5,2,5.385164807134504,0.9923440665202514,0.03162400628464575,-0.007685390582532663,damped,0.9888818572834879,0.03125,0.003462209236763547,0.0003740062846457476
advection,5,3,5.830951894845301,0.9810860392820921,0.0471143477842997,-0.01909511757248708,damped,0.9869774682350012,0.046875,-0.005891428952909061,0.00023934778429970244
advection,6,0,6.0,0.9501001388420072,0.0002143527527743004,-0.051187890635345235,damped,0.9862167399039081,0.0,-0.036116601061900955,0.0002143527527743004
lambda,-6,0,6.0,0.9066924472216682,6.718710504538719e-07,-0.09795197432879119,damped,,,,
lambda,-5,0,5.0,0.906749213067483,4.7328647958180144e-05,-0.09788936868001138,damped,,,,
lambda,-5,1,5.0990195135927845,0.9066890887746499,1.121354780242348e-07,-0.09795567839983373,damped,,,,
lambda,-5,2,5.385164807134504,0.9067012329885384,1.3954352756332016e-06,-0.09794228446721708,damped,,,,
lambda,-5,3,5.830951894845301,0.9066889361497776,7.829675645057234e-07,-0.0979558467319412,damped,,,,
lambda,-4,0,4.0,0.9064402156087339,1.5367489167211156e-05,-0.09823020175222492,damped,,,,
lambda,-4,1,4.123105625617661,0.906632183939475,7.78090213277834e-05,-0.09801844150315127,damped,,,,
lambda,-4,2,4.47213595499958,0.9067668665438084,2.118652041901237e-05,-0.09786989989611203,damped,,,,
lambda,-4,3,5.0,0.906901180360408,1.62429526230174e-05,-0.0977217869963183,damped,,,,
lambda,-4,4,5.656854249492381,0.9066985248568633,4.5430229785843745e-06,-0.0979452712677429,damped,,,,
lambda,-3,0,3.0,0.9058540438921229,7.380981527677399e-06,-0.09887708537388708,damped,,,,
lambda,-3,1,3.1622776601683795,0.9055322769760854,7.117444112395092e-05,-0.09923235682064023,damped,,,,
lambda,-3,2,3.605551275463989,0.905887085392845,5.923679472349548e-05,-0.09884061051531957,damped,,,,
lambda,-3,3,4.242640687119285,0.9066682018340393,0.00014927529522405485,-0.09797871516232916,damped,,,,
lambda,-3,4,5.0,0.9065335928101601,2.7573768961867524e-05,-0.09812719176821394,damped,,,,
lambda,-3,5,5.830951894845301,0.9066621415844371,1.056501392079249e-05,-0.09798539927217619,damped,,,,
lambda,-2,0,2.0,0.906609397065451,6.79871881691727e-06,-0.0980435753565373,damped,,,,
lambda,-2,1,2.23606797749979,0.9045067884334218,0.0004301754503425846,-0.10036546899703849,damped,,,,
lambda,-2,2,2.8284271247461903,0.9034419726764293,0.0002868927907500145,-0.10154339605229332,damped,,,,
lambda,-2,3,3.605551275463989,0.9045991065491167,9.524951717310855e-05,-0.1002634096139686,damped,,,,
lambda,-2,4,4.47213595499958,0.9066148615040109,1.648078992270851e-05,-0.09803754803969089,damped,,,,
lambda,-2,5,5.385164807134504,0.9064877474570686,2.143021833140035e-05,-0.09817776519731047,damped,,,,
lambda,-1,0,1.0,0.9090809997717971,1.4026448359820619e-05,-0.0953210801147562,damped,,,,
lambda,-1,1,1.4142135623730951,0.9080354997788374,0.00048019683397234106,-0.09647180447237039,damped,,,,
lambda,-1,2,2.23606797749979,0.9038756831347442,0.000468889557712386,-0.10106344670277435,damped,,,,
lambda,-1,3,3.1622776601683795,0.9032498460516633,0.000188434414350644,-0.10175607939263806,damped,,,,
lambda,-1,4,4.123105625617661,0.9064369386632586,2.905513304387181e-06,-0.09823381693979302,damped,,,,
lambda,-1,5,5.0990195135927845,0.9066091366950295,6.811520856650162e-06,-0.09804386254797794,damped,,,,
lambda,0,0,0.0,0.9093347146869204,3.076490626808482e-19,-0.09504202960419109,damped,,,,
lambda,0,1,1.0,0.9088668504343543,0.00026774312904593873,-0.09555667470390684,damped,,,,
lambda,0,2,2.0,0.9070279679126467,0.00042539509144007943,-0.09758199371655774,damped,,,,
lambda,0,3,3.0,0.9053285621842442,0.00032075483221079336,-0.09945734903240516,damped,,,,
lambda,0,4,4.0,0.9064385410654882,6.70561165072021e-05,-0.09823204913803554,damped,,,,
lambda,0,5,5.0,0.90681622486007,1.3973902659292495e-05,-0.09781546807381764,damped,,,,
lambda,0,6,6.0,0.9063831895017691,6.210285657737463e-05,-0.0982931158858607,damped,,,,
lambda,1,0,1.0,0.9090729202608998,1.4306580063463193e-05,-0.09532996771311444,damped,,,,
lambda,1,1,1.4142135623730951,0.9080375699113901,0.0005440744070511808,-0.09646952468243543,damped,,,,
lambda,1,2,2.23606797749979,0.9037460763380273,0.0004348324447287588,-0.10120684705327337,damped,,,,
lambda,1,3,3.1622776601683795,0.903184440466121,9.675662582303483e-05,-0.10182849341407131,damped,,,,
lambda,1,4,4.123105625617661,0.9062477626430184,2.319450856810348e-06,-0.09844254162400383,damped,,,,
lambda,1,5,5.0990195135927845,0.9067384736974401,2.9044394658482772e-05,-0.09790121256527339,damped,,,,
lambda,2,0,2.0,0.9066091625676559,8.889908677283682e-06,-0.09804383401018259,damped,,,,
lambda,2,1,2.23606797749979,0.9044149171119139,0.00028588913108098775,-0.10046704478255232,damped,,,,
lambda,2,2,2.8284271247461903,0.9046264306010077,0.00018505538066784975,-0.10023320436721302,damped,,,,
lambda,2,3,3.605551275463989,0.905715596366355,0.00010241642002572612,-0.09902993351503571,damped,,,,
lambda,2,4,4.47213595499958,0.906711708120322,1.721234197722343e-05,-0.09793073152023385,damped,,,,
lambda,2,5,5.385164807134504,0.9066513528134885,7.98215955101195e-06,-0.09799729878208671,damped,,,,
lambda,3,0,3.0,0.9058480120591985,7.631017061880839e-06,-0.09888374412100785,damped,,,,
lambda,3,1,3.1622776601683795,0.9048048385805353,4.890933034176501e-05,-0.10003600651488843,damped,,,,
lambda,3,2,3.605551275463989,0.9058850440498774,0.0001901925153256293,-0.09884286393663508,damped,,,,
lambda,3,3,4.242640687119285,0.9067557365523765,0.0002237897799843847,-0.0978821743407901,damped,,,,
lambda,3,4,5.0,0.9067141763858525,7.637611501697659e-07,-0.09792800930748548,damped,,,,
lambda,3,5,5.830951894845301,0.9068447168743472,3.2543548557744413e-06,-0.09778404873448696,damped,,,,
lambda,4,0,4.0,0.9064424997025003,1.3569256833904306e-05,-0.09822768190497042,damped,,,,
lambda,4,1,4.123105625617661,0.9066022580933705,0.00014358241010911985,-0.0980514497511897,damped,,,,
lambda,4,2,4.47213595499958,0.9073574539545268,4.640206005332012e-05,-0.09721880071298644,damped,,,,
lambda,4,3,5.0,0.9073277454358282,2.1462804459427572e-05,-0.09725154305167008,damped,,,,
lambda,4,4,5.656854249492381,0.9068522539631045,1.0823549335358797e-05,-0.09777573743565526,damped,,,,
lambda,5,0,5.0,0.9067461931964759,4.7009009605000135e-05,-0.09789269912242302,damped,,,,
lambda,5,1,5.0990195135927845,0.9072133479906049,8.406652702885268e-05,-0.09737763272336639,damped,,,,
lambda,5,2,5.385164807134504,0.906313622605032,5.446964275018756e-05,-0.09836987102362739,damped,,,,
lambda,5,3,5.830951894845301,0.9063195433807675,1.6678876732744982e-05,-0.09836333823382017,damped,,,,
lambda,6,0,6.0,0.9067029230835255,1.090790966759127e-06,-0.09794042046466539,damped,,,,
