surrogate,alpha,arm,horizon,seed,n_samples,rel_welfare_loss,gain_estimator_err,max_min_ratio,bundle_envy,outcome_envy,mean_outcome,law_predicted_loss
strong,0.0,plugin,8,0,192,7.745333319552951e-05,nan,0.0,16.0,16.0,0.1271345278614758,nan
strong,0.0,shrunk,8,0,192,7.745333319552951e-05,nan,0.0,16.0,16.0,0.1271345278614758,nan
strong,0.0,smoothed,8,0,192,0.00011052835535517852,nan,0.0,16.0,16.0,0.127130953194826,nan
strong,0.0,uniform,8,0,192,0.15692291364193653,nan,0.6708571542233678,0.0,0.4163620248938759,0.10912077438555882,nan
strong,0.0,persistence,8,0,192,0.08014889963461083,nan,0.0,16.0,16.0,0.11679895379292848,nan
strong,0.0,learned,8,0,192,0.002940467516902852,nan,1.1902649237804807e-16,15.165375071830148,15.17043451056552,0.12679206480892982,nan
strong,0.0,learned_robust,8,0,192,0.002786932408876022,nan,1.816455365515425e-16,15.192257096331664,15.195131435186617,0.12680075479620398,nan
strong,0.0,plugin,8,1,192,7.745333319552951e-05,nan,0.0,16.0,16.0,0.1271345278614758,nan
strong,0.0,shrunk,8,1,192,7.745333319552951e-05,nan,0.0,16.0,16.0,0.1271345278614758,nan
strong,0.0,smoothed,8,1,192,0.00011052835535517852,nan,0.0,16.0,16.0,0.127130953194826,nan
strong,0.0,uniform,8,1,192,0.15692291364193653,nan,0.6708571542233678,0.0,0.4163620248938759,0.10912077438555882,nan
strong,0.0,persistence,8,1,192,0.08014889963461083,nan,0.0,16.0,16.0,0.11679895379292848,nan
strong,0.0,learned,8,1,192,0.002328808551770291,nan,3.0167991249980115e-18,15.303031473807218,15.306759212156697,0.1268024276259112,nan
strong,0.0,learned_robust,8,1,192,0.0023670931113469085,nan,4.6567496133322024e-18,15.325132899414905,15.327418323715195,0.12679660304855236,nan
strong,0.0,plugin,8,2,192,7.745333319552951e-05,nan,0.0,16.0,16.0,0.1271345278614758,nan
strong,0.0,shrunk,8,2,192,7.745333319552951e-05,nan,0.0,16.0,16.0,0.1271345278614758,nan
strong,0.0,smoothed,8,2,192,0.00011052835535517852,nan,0.0,16.0,16.0,0.127130953194826,nan
strong,0.0,uniform,8,2,192,0.15692291364193653,nan,0.6708571542233678,0.0,0.4163620248938759,0.10912077438555882,nan
strong,0.0,persistence,8,2,192,0.08014889963461083,nan,0.0,16.0,16.0,0.11679895379292848,nan
strong,0.0,learned,8,2,192,0.0021061304236977847,nan,2.1265719360455508e-17,15.279578863176127,15.284389447076089,0.12686296854980297,nan
strong,0.0,learned_robust,8,2,192,0.0020273655695657016,nan,2.0733256499560692e-17,15.324608838809084,15.331281188353215,0.12686852390358058,nan
strong,0.25,plugin,8,0,192,1.1576880947178464e-05,0.0021201305965775756,0.2671936151666315,1.22289622328272,1.630549093413235,0.11306101955625364,1.1625501674126384e-05
strong,0.25,shrunk,8,0,192,1.1576880947178464e-05,0.0021201305965775756,0.2671936151666315,1.22289622328272,1.630549093413235,0.11306101955625364,nan
strong,0.25,smoothed,8,0,192,3.513777011348099e-05,0.0040008359323534986,0.27376591499640557,1.185270961637315,1.5930354308201673,0.11294371837721462,nan
strong,0.25,uniform,8,0,192,0.01745222945600903,0.09044670223399691,0.6708571542233678,0.0,0.4163620248938759,0.10912077438555882,nan
strong,0.25,persistence,8,0,192,0.020887879126294747,0.09983239226403162,0.2801809339241262,1.410749993467914,1.660623655566808,0.11139221224202255,nan
strong,0.25,learned,8,0,192,5.097258061478293e-05,0.004851276922153272,0.2673420824507109,1.2256257256614298,1.6335031284946382,0.1130707214631423,nan
strong,0.25,learned_robust,8,0,192,5.7214283282130844e-05,0.005112330832551146,0.26732329794130427,1.2361546534519656,1.6434128653578206,0.11311143621140464,nan
strong,0.25,plugin,8,1,192,1.1576880947178464e-05,0.0021201305965775756,0.2671936151666315,1.22289622328272,1.630549093413235,0.11306101955625364,1.1625501674126384e-05
strong,0.25,shrunk,8,1,192,1.1576880947178464e-05,0.0021201305965775756,0.2671936151666315,1.22289622328272,1.630549093413235,0.11306101955625364,nan
strong,0.25,smoothed,8,1,192,3.513777011348099e-05,0.0040008359323534986,0.27376591499640557,1.185270961637315,1.5930354308201673,0.11294371837721462,nan
strong,0.25,uniform,8,1,192,0.01745222945600903,0.09044670223399691,0.6708571542233678,0.0,0.4163620248938759,0.10912077438555882,nan
strong,0.25,persistence,8,1,192,0.020887879126294747,0.09983239226403162,0.2801809339241262,1.410749993467914,1.660623655566808,0.11139221224202255,nan
strong,0.25,learned,8,1,192,7.678266440253045e-05,0.005828678006731289,0.27172423707142956,1.2145617639050623,1.6228326794254135,0.11304112781998936,nan
strong,0.25,learned_robust,8,1,192,7.473492903175942e-05,0.005688411128294876,0.27111399937531727,1.2207685549323548,1.6286787758513042,0.11306430690318847,nan
strong,0.25,plugin,8,2,192,1.1576880947178464e-05,0.0021201305965775756,0.2671936151666315,1.22289622328272,1.630549093413235,0.11306101955625364,1.1625501674126384e-05
strong,0.25,shrunk,8,2,192,1.1576880947178464e-05,0.0021201305965775756,0.2671936151666315,1.22289622328272,1.630549093413235,0.11306101955625364,nan
strong,0.25,smoothed,8,2,192,3.513777011348099e-05,0.0040008359323534986,0.27376591499640557,1.185270961637315,1.5930354308201673,0.11294371837721462,nan
strong,0.25,uniform,8,2,192,0.01745222945600903,0.09044670223399691,0.6708571542233678,0.0,0.4163620248938759,0.10912077438555882,nan
strong,0.25,persistence,8,2,192,0.020887879126294747,0.09983239226403162,0.2801809339241262,1.410749993467914,1.660623655566808,0.11139221224202255,nan
strong,0.25,learned,8,2,192,5.7884455262030565e-05,0.005049553557383897,0.26992472602961876,1.2034471518049144,1.612561365858119,0.11300124165898935,nan
strong,0.25,learned_robust,8,2,192,7.113657478597576e-05,0.005485245570103138,0.2709614061499732,1.1940164272035694,1.6034483976740288,0.11297300661659876,nan
strong,0.5,plugin,8,0,192,2.963620334163012e-06,0.0021201305965775756,0.4735181220783134,0.414074470469369,0.8208951692250873,0.11046990132599545,2.9664208724448295e-06
strong,0.5,shrunk,8,0,192,2.963620334163012e-06,0.0021201305965775756,0.4735181220783134,0.414074470469369,0.8208951692250873,0.11046990132599545,nan
strong,0.5,smoothed,8,0,192,8.857946502651565e-06,0.004000835932353494,0.478518066302512,0.4012361772393489,0.8082953950782622,0.11042821325008963,nan
strong,0.5,uniform,8,0,192,0.004048873761548473,0.09044670223399691,0.6708571542233678,0.0,0.4163620248938759,0.10912077438555882,nan
strong,0.5,persistence,8,0,192,0.004534974257353024,0.09983239226403162,0.5023653495763405,0.44238921442936857,0.7551421185051943,0.10989340226272004,nan
strong,0.5,learned,8,0,192,1.2949237550011436e-05,0.004797584586749593,0.47388905172780005,0.4145903582921173,0.8212910806762362,0.11047486459026068,nan
strong,0.5,learned_robust,8,0,192,1.2834343719739355e-05,0.004746464610705105,0.47313751249099073,0.41694528213473364,0.8235712743617517,0.11048432614833975,nan
strong,0.5,plugin,8,1,192,2.963620334163012e-06,0.0021201305965775756,0.4735181220783134,0.414074470469369,0.8208951692250873,0.11046990132599545,2.9664208724448295e-06
strong,0.5,shrunk,8,1,192,2.963620334163012e-06,0.0021201305965775756,0.4735181220783134,0.414074470469369,0.8208951692250873,0.11046990132599545,nan
strong,0.5,smoothed,8,1,192,8.857946502651565e-06,0.004000835932353494,0.478518066302512,0.4012361772393489,0.8082953950782622,0.11042821325008963,nan
strong,0.5,uniform,8,1,192,0.004048873761548473,0.09044670223399691,0.6708571542233678,0.0,0.4163620248938759,0.10912077438555882,nan
strong,0.5,persistence,8,1,192,0.004534974257353024,0.09983239226403162,0.5023653495763405,0.44238921442936857,0.7551421185051943,0.10989340226272004,nan
strong,0.5,learned,8,1,192,1.631728091957066e-05,0.005152815048070496,0.4756815811161103,0.410564533844512,0.8178999453378544,0.11046423833553894,nan
strong,0.5,learned_robust,8,1,192,1.5607506285735217e-05,0.004955999438534861,0.47470267686267675,0.41360671009124883,0.8208582972134443,0.11047606094487354,nan
strong,0.5,plugin,8,2,192,2.963620334163012e-06,0.0021201305965775756,0.4735181220783134,0.414074470469369,0.8208951692250873,0.11046990132599545,2.9664208724448295e-06
strong,0.5,shrunk,8,2,192,2.963620334163012e-06,0.0021201305965775756,0.4735181220783134,0.414074470469369,0.8208951692250873,0.11046990132599545,nan
strong,0.5,smoothed,8,2,192,8.857946502651565e-06,0.004000835932353494,0.478518066302512,0.4012361772393489,0.8082953950782622,0.11042821325008963,nan
strong,0.5,uniform,8,2,192,0.004048873761548473,0.09044670223399691,0.6708571542233678,0.0,0.4163620248938759,0.10912077438555882,nan
strong,0.5,persistence,8,2,192,0.004534974257353024,0.09983239226403162,0.5023653495763405,0.44238921442936857,0.7551421185051943,0.10989340226272004,nan
strong,0.5,learned,8,2,192,1.0218142541475647e-05,0.004248943145386032,0.4747220529610319,0.4115711121216699,0.8188863192946952,0.11046368206998958,nan
strong,0.5,learned_robust,8,2,192,9.377049051773867e-06,0.0040078016309693185,0.47394257143004737,0.41410983460708256,0.8213481019599417,0.11047386100259428,nan
strong,1.0,plugin,8,0,192,0.0,nan,0.6708571542233678,0.0,0.4163620248938759,0.10912077438555882,0.0
strong,1.0,shrunk,8,0,192,0.0,nan,0.6708571542233678,0.0,0.4163620248938759,0.10912077438555882,nan
strong,1.0,smoothed,8,0,192,0.0,nan,0.6708571542233678,0.0,0.4163620248938759,0.10912077438555882,nan
strong,1.0,uniform,8,0,192,0.0,nan,0.6708571542233678,0.0,0.4163620248938759,0.10912077438555882,nan
strong,1.0,persistence,8,0,192,0.0,nan,0.6708571542233678,0.0,0.4163620248938759,0.10912077438555882,nan
strong,1.0,learned,8,0,192,-2.7994462188189275e-09,nan,0.670858081830961,7.016584251353294e-05,0.41635995615307625,0.10912077227117872,nan
strong,1.0,learned_robust,8,0,192,-4.8018540555842355e-09,nan,0.6708575538016128,6.890452113072474e-05,0.4163606543514602,0.10912077433561479,nan
strong,1.0,plugin,8,1,192,0.0,nan,0.6708571542233678,0.0,0.4163620248938759,0.10912077438555882,0.0
strong,1.0,shrunk,8,1,192,0.0,nan,0.6708571542233678,0.0,0.4163620248938759,0.10912077438555882,nan
strong,1.0,smoothed,8,1,192,0.0,nan,0.6708571542233678,0.0,0.4163620248938759,0.10912077438555882,nan
strong,1.0,uniform,8,1,192,0.0,nan,0.6708571542233678,0.0,0.4163620248938759,0.10912077438555882,nan
strong,1.0,persistence,8,1,192,0.0,nan,0.6708571542233678,0.0,0.4163620248938759,0.10912077438555882,nan
strong,1.0,learned,8,1,192,5.156939285322348e-10,nan,0.6708526050108544,0.00016859577357062036,0.41637043896179526,0.10912079267553292,nan
strong,1.0,learned_robust,8,1,192,-4.641034288937103e-09,nan,0.6708518667680518,0.00016734935244183357,0.41637166962797806,0.10912079764523108,nan
strong,1.0,plugin,8,2,192,0.0,nan,0.6708571542233678,0.0,0.4163620248938759,0.10912077438555882,0.0
strong,1.0,shrunk,8,2,192,0.0,nan,0.6708571542233678,0.0,0.4163620248938759,0.10912077438555882,nan
strong,1.0,smoothed,8,2,192,0.0,nan,0.6708571542233678,0.0,0.4163620248938759,0.10912077438555882,nan
strong,1.0,uniform,8,2,192,0.0,nan,0.6708571542233678,0.0,0.4163620248938759,0.10912077438555882,nan
strong,1.0,persistence,8,2,192,0.0,nan,0.6708571542233678,0.0,0.4163620248938759,0.10912077438555882,nan
strong,1.0,learned,8,2,192,-4.473078017361298e-09,nan,0.6708494711899577,5.257874702155915e-05,0.4163706301181192,0.10912079564911363,nan
strong,1.0,learned_robust,8,2,192,-4.647875271578579e-09,nan,0.6708494525749938,5.248033728142798e-05,0.4163705937685922,0.10912079535614272,nan
strong,2.0,plugin,8,0,192,3.2460897764294977e-06,0.0021201305965775703,0.8127649873661257,0.2141368705701515,0.21146588837313293,0.10843456333021347,3.2460948571863447e-06
strong,2.0,shrunk,8,0,192,3.2460897764294977e-06,0.0021201305965775703,0.8127649873661257,0.2141368705701515,0.21146588837313293,0.10843456333021347,nan
strong,2.0,smoothed,8,0,192,9.755291457221385e-06,0.0040008359323534986,0.8076066364337039,0.20707337149159163,0.21803657730665857,0.10845661657814303,nan
strong,2.0,uniform,8,0,192,0.004194374594744568,0.09044670223399691,0.6708571542233678,0.0,0.4163620248938759,0.10912077438555882,nan
strong,2.0,persistence,8,0,192,0.004611224627289943,0.09983239226403164,0.6989472041558482,0.21460048328965878,0.3630212256117134,0.10873829680543663,nan
strong,2.0,learned,8,0,192,1.602043614753676e-05,0.004667067164365852,0.8128950405099543,0.21493906024209122,0.21114196827792084,0.10843038961623393,nan
strong,2.0,learned_robust,8,0,192,1.5456190078940352e-05,0.004530819071369756,0.8135752225188168,0.21594329369539844,0.21018078002499915,0.10842597113804181,nan
strong,2.0,plugin,8,1,192,3.2460897764294977e-06,0.0021201305965775703,0.8127649873661257,0.2141368705701515,0.21146588837313293,0.10843456333021347,3.2460948571863447e-06
strong,2.0,shrunk,8,1,192,3.2460897764294977e-06,0.0021201305965775703,0.8127649873661257,0.2141368705701515,0.21146588837313293,0.10843456333021347,nan
strong,2.0,smoothed,8,1,192,9.755291457221385e-06,0.0040008359323534986,0.8076066364337039,0.20707337149159163,0.21803657730665857,0.10845661657814303,nan
strong,2.0,uniform,8,1,192,0.004194374594744568,0.09044670223399691,0.6708571542233678,0.0,0.4163620248938759,0.10912077438555882,nan
strong,2.0,persistence,8,1,192,0.004611224627289943,0.09983239226403164,0.6989472041558482,0.21460048328965878,0.3630212256117134,0.10873829680543663,nan
strong,2.0,learned,8,1,192,2.22788667531409e-05,0.00562609694047479,0.8128258285731457,0.21455429477260055,0.21121669508517127,0.10843014829315926,nan
strong,2.0,learned_robust,8,1,192,2.1697347482492354e-05,0.0055567623786898016,0.8138156912586113,0.21604855606376602,0.20985661775253617,0.10842455857810268,nan
strong,2.0,plugin,8,2,192,3.2460897764294977e-06,0.0021201305965775703,0.8127649873661257,0.2141368705701515,0.21146588837313293,0.10843456333021347,3.2460948571863447e-06
strong,2.0,shrunk,8,2,192,3.2460897764294977e-06,0.0021201305965775703,0.8127649873661257,0.2141368705701515,0.21146588837313293,0.10843456333021347,nan
strong,2.0,smoothed,8,2,192,9.755291457221385e-06,0.0040008359323534986,0.8076066364337039,0.20707337149159163,0.21803657730665857,0.10845661657814303,nan
strong,2.0,uniform,8,2,192,0.004194374594744568,0.09044670223399691,0.6708571542233678,0.0,0.4163620248938759,0.10912077438555882,nan
strong,2.0,persistence,8,2,192,0.004611224627289943,0.09983239226403164,0.6989472041558482,0.21460048328965878,0.3630212256117134,0.10873829680543663,nan
strong,2.0,learned,8,2,192,1.701174373078378e-05,0.004800906640990125,0.8124507997127614,0.21416090627476547,0.21175104926416818,0.10843257323495754,nan
strong,2.0,learned_robust,8,2,192,1.6959081104426833e-05,0.004676058098907729,0.813103055676183,0.21516892058772683,0.2108135672932866,0.10842798382730778,nan
strong,4.0,plugin,8,0,192,1.4801626587593203e-05,0.0021201305965775786,0.8986419587980375,0.32363765247142257,0.10790436577521123,0.10808872080199254,1.4810967566747477e-05
strong,4.0,shrunk,8,0,192,1.4801626587593203e-05,0.0021201305965775786,0.8986419587980375,0.32363765247142257,0.10790436577521123,0.10808872080199254,nan
strong,4.0,smoothed,8,0,192,4.4741358929019946e-05,0.0040008359323535,0.8898492822200298,0.31279779662750734,0.1178844130716687,0.10812215551127007,nan
strong,4.0,uniform,8,0,192,0.019009319922736488,0.09044670223399691,0.6708571542233678,0.0,0.4163620248938759,0.10912077438555882,nan
strong,4.0,persistence,8,0,192,0.021925095313829857,0.09983239226403162,0.6726871340980827,0.3210021062226012,0.3949453305106865,0.10854873793676546,nan
strong,4.0,learned,8,0,192,9.079798187539186e-05,0.005278053954706388,0.898221570810648,0.3253301805223365,0.10822066832062031,0.10808001601189027,nan
strong,4.0,learned_robust,8,0,192,9.108099711349453e-05,0.005190665955469229,0.8999919117277999,0.32745950355014947,0.10615305847254623,0.10807121684258551,nan
strong,4.0,plugin,8,1,192,1.4801626587593203e-05,0.0021201305965775786,0.8986419587980375,0.32363765247142257,0.10790436577521123,0.10808872080199254,1.4810967566747477e-05
strong,4.0,shrunk,8,1,192,1.4801626587593203e-05,0.0021201305965775786,0.8986419587980375,0.32363765247142257,0.10790436577521123,0.10808872080199254,nan
strong,4.0,smoothed,8,1,192,4.4741358929019946e-05,0.0040008359323535,0.8898492822200298,0.31279779662750734,0.1178844130716687,0.10812215551127007,nan
strong,4.0,uniform,8,1,192,0.019009319922736488,0.09044670223399691,0.6708571542233678,0.0,0.4163620248938759,0.10912077438555882,nan
strong,4.0,persistence,8,1,192,0.021925095313829857,0.09983239226403162,0.6726871340980827,0.3210021062226012,0.3949453305106865,0.10854873793676546,nan
strong,4.0,learned,8,1,192,8.701891384535708e-05,0.005339801440560575,0.8963681235221374,0.32181867721242896,0.1102648794727561,0.10809009507081913,nan
strong,4.0,learned_robust,8,1,192,8.24852586728293e-05,0.005134524847125103,0.8975534749027493,0.3232024922450119,0.10884931348164362,0.1080838819817243,nan
strong,4.0,plugin,8,2,192,1.4801626587593203e-05,0.0021201305965775786,0.8986419587980375,0.32363765247142257,0.10790436577521123,0.10808872080199254,1.4810967566747477e-05
strong,4.0,shrunk,8,2,192,1.4801626587593203e-05,0.0021201305965775786,0.8986419587980375,0.32363765247142257,0.10790436577521123,0.10808872080199254,nan
strong,4.0,smoothed,8,2,192,4.4741358929019946e-05,0.0040008359323535,0.8898492822200298,0.31279779662750734,0.1178844130716687,0.10812215551127007,nan
strong,4.0,uniform,8,2,192,0.019009319922736488,0.09044670223399691,0.6708571542233678,0.0,0.4163620248938759,0.10912077438555882,nan
strong,4.0,persistence,8,2,192,0.021925095313829857,0.09983239226403162,0.6726871340980827,0.3210021062226012,0.3949453305106865,0.10854873793676546,nan
strong,4.0,learned,8,2,192,7.483741616984632e-05,0.005060674707617887,0.8985756610149563,0.3245257812118651,0.10793794760559845,0.10808546023833333,nan
strong,4.0,learned_robust,8,2,192,7.749111068850537e-05,0.004895258485465276,0.8999931624747516,0.3263577314301739,0.10622489362490029,0.1080756056600236,nan
strong,8.0,plugin,8,0,192,4.0515365730402785e-05,0.0021201305965775786,0.9453021790352459,0.37907395710133035,0.05650288706098039,0.1079151469120793,4.0592941628355435e-05
strong,8.0,shrunk,8,0,192,4.0515365730402785e-05,0.0021201305965775786,0.9453021790352459,0.37907395710133035,0.05650288706098039,0.1079151469120793,nan
strong,8.0,smoothed,8,0,192,0.00012361203593590624,0.0040008359323535,0.9345387673668086,0.3662749320994363,0.06804333275261178,0.10795436615218779,nan
strong,8.0,uniform,8,0,192,0.05033121561138492,0.09044670223399691,0.6708571542233678,0.0,0.4163620248938759,0.10912077438555882,nan
strong,8.0,persistence,8,0,192,0.05961363348562374,0.09983239226403162,0.6566993895572418,0.37407544526960185,0.41795156515767756,0.1084544360604378,nan
strong,8.0,learned,8,0,192,0.0002466497397847778,0.005301803163359423,0.9426896548353662,0.3809970945778902,0.05924864155601578,0.10790596455828792,nan
strong,8.0,learned_robust,8,0,192,0.00024363880222967303,0.005160389889181889,0.9445401207372095,0.38303011006150167,0.0572456830593125,0.10789731031305039,nan
strong,8.0,plugin,8,1,192,4.0515365730402785e-05,0.0021201305965775786,0.9453021790352459,0.37907395710133035,0.05650288706098039,0.1079151469120793,4.0592941628355435e-05
strong,8.0,shrunk,8,1,192,4.0515365730402785e-05,0.0021201305965775786,0.9453021790352459,0.37907395710133035,0.05650288706098039,0.1079151469120793,nan
strong,8.0,smoothed,8,1,192,0.00012361203593590624,0.0040008359323535,0.9345387673668086,0.3662749320994363,0.06804333275261178,0.10795436615218779,nan
strong,8.0,uniform,8,1,192,0.05033121561138492,0.09044670223399691,0.6708571542233678,0.0,0.4163620248938759,0.10912077438555882,nan
strong,8.0,persistence,8,1,192,0.05961363348562374,0.09983239226403162,0.6566993895572418,0.37407544526960185,0.41795156515767756,0.1084544360604378,nan
strong,8.0,learned,8,1,192,0.0002724874460664298,0.005818369772633748,0.9416187513925142,0.378986503791564,0.06033144481008638,0.10790970967719053,nan
strong,8.0,learned_robust,8,1,192,0.0002708325137782709,0.005754039522999298,0.9430444007935875,0.3805728947386788,0.058780653740703646,0.10790287108269873,nan
strong,8.0,plugin,8,2,192,4.0515365730402785e-05,0.0021201305965775786,0.9453021790352459,0.37907395710133035,0.05650288706098039,0.1079151469120793,4.0592941628355435e-05
strong,8.0,shrunk,8,2,192,4.0515365730402785e-05,0.0021201305965775786,0.9453021790352459,0.37907395710133035,0.05650288706098039,0.1079151469120793,nan
strong,8.0,smoothed,8,2,192,0.00012361203593590624,0.0040008359323535,0.9345387673668086,0.3662749320994363,0.06804333275261178,0.10795436615218779,nan
strong,8.0,uniform,8,2,192,0.05033121561138492,0.09044670223399691,0.6708571542233678,0.0,0.4163620248938759,0.10912077438555882,nan
strong,8.0,persistence,8,2,192,0.05961363348562374,0.09983239226403162,0.6566993895572418,0.37407544526960185,0.41795156515767756,0.1084544360604378,nan
strong,8.0,learned,8,2,192,0.00021193611854857948,0.004833572680612469,0.9431934527422148,0.3788568713908726,0.05880253813972844,0.10791545112255385,nan
strong,8.0,learned_robust,8,2,192,0.00020537801963987622,0.004713741126230007,0.9455243150761053,0.3817116408467367,0.05627364390991368,0.1079038767744479,nan
weak,0.0,plugin,8,0,192,0.001135133637954231,nan,0.0,16.0,16.0,0.12697559787944174,nan
weak,0.0,shrunk,8,0,192,0.001135133637954231,nan,0.0,16.0,16.0,0.12697559787944174,nan
weak,0.0,smoothed,8,0,192,0.0008899500339369735,nan,0.0,16.0,16.0,0.1270124194230124,nan
weak,0.0,uniform,8,0,192,0.15692291364193653,nan,0.6708571542233678,0.0,0.4163620248938759,0.10912077438555882,nan
weak,0.0,persistence,8,0,192,0.08014889963461083,nan,0.0,16.0,16.0,0.11679895379292848,nan
weak,0.0,learned,8,0,192,0.006380995685577665,nan,1.7866766013266513e-14,15.037077156109499,15.046221745474684,0.12646825569990572,nan
weak,0.0,learned_robust,8,0,192,0.004135661970419987,nan,1.4226788556983275e-18,15.082944318611979,15.086063391627201,0.12671524273664395,nan
weak,0.0,plugin,8,1,192,0.001135133637954231,nan,0.0,16.0,16.0,0.12697559787944174,nan
weak,0.0,shrunk,8,1,192,0.001135133637954231,nan,0.0,16.0,16.0,0.12697559787944174,nan
weak,0.0,smoothed,8,1,192,0.0008899500339369735,nan,0.0,16.0,16.0,0.1270124194230124,nan
weak,0.0,uniform,8,1,192,0.15692291364193653,nan,0.6708571542233678,0.0,0.4163620248938759,0.10912077438555882,nan
weak,0.0,persistence,8,1,192,0.08014889963461083,nan,0.0,16.0,16.0,0.11679895379292848,nan
weak,0.0,learned,8,1,192,0.0049484969660595545,nan,4.82277089438911e-18,15.23934559803832,15.24528632288731,0.12651285023178357,nan
weak,0.0,learned_robust,8,1,192,0.0029178988659694905,nan,9.90178934810721e-19,15.255038526491424,15.258160990013181,0.1267863916130125,nan
weak,0.0,plugin,8,2,192,0.001135133637954231,nan,0.0,16.0,16.0,0.12697559787944174,nan
weak,0.0,shrunk,8,2,192,0.001135133637954231,nan,0.0,16.0,16.0,0.12697559787944174,nan
weak,0.0,smoothed,8,2,192,0.0008899500339369735,nan,0.0,16.0,16.0,0.1270124194230124,nan
weak,0.0,uniform,8,2,192,0.15692291364193653,nan,0.6708571542233678,0.0,0.4163620248938759,0.10912077438555882,nan
weak,0.0,persistence,8,2,192,0.08014889963461083,nan,0.0,16.0,16.0,0.11679895379292848,nan
weak,0.0,learned,8,2,192,0.0029897921301598115,nan,2.2627467997288316e-15,14.997485731486782,15.004262848147201,0.12676613235757217,nan
weak,0.0,learned_robust,8,2,192,0.00210903633677036,nan,8.211997853971957e-18,15.031131459580223,15.041396422499966,0.12687325130474691,nan
weak,0.25,plugin,8,0,192,0.0010610092332383636,0.022552173110920438,0.2565970813516875,1.270242904002864,1.6754318208461907,0.11322463203783632,0.0010667966147027096
weak,0.25,shrunk,8,0,192,0.000983855950804708,0.02184138848205186,0.26708728399779685,1.2071182881918163,1.612284721525129,0.1130296383539056,nan
weak,0.25,smoothed,8,0,192,0.0009707358471207206,0.021480692162010744,0.26358998606724704,1.2306675871539459,1.636324425203487,0.11310150465596826,nan
weak,0.25,uniform,8,0,192,0.01745222945600903,0.09044670223399691,0.6708571542233678,0.0,0.4163620248938759,0.10912077438555882,nan
weak,0.25,persistence,8,0,192,0.020887879126294747,0.09983239226403162,0.2801809339241262,1.410749993467914,1.660623655566808,0.11139221224202255,nan
weak,0.25,learned,8,0,192,0.0009319450007390477,0.020995902284580734,0.24725253022566496,1.2882617802274134,1.6951782143726082,0.11325234093105097,nan
weak,0.25,learned_robust,8,0,192,7.775654366239347e-05,0.006090102361467471,0.26518095702672234,1.228951297547601,1.6346724470943281,0.11308460908452073,nan
weak,0.25,plugin,8,1,192,0.0010610092332383636,0.022552173110920438,0.2565970813516875,1.270242904002864,1.6754318208461907,0.11322463203783632,0.0010667966147027096
weak,0.25,shrunk,8,1,192,0.000983855950804708,0.02184138848205186,0.26708728399779685,1.2071182881918163,1.612284721525129,0.1130296383539056,nan
weak,0.25,smoothed,8,1,192,0.0009707358471207206,0.021480692162010744,0.26358998606724704,1.2306675871539459,1.636324425203487,0.11310150465596826,nan
weak,0.25,uniform,8,1,192,0.01745222945600903,0.09044670223399691,0.6708571542233678,0.0,0.4163620248938759,0.10912077438555882,nan
weak,0.25,persistence,8,1,192,0.020887879126294747,0.09983239226403162,0.2801809339241262,1.410749993467914,1.660623655566808,0.11139221224202255,nan
weak,0.25,learned,8,1,192,0.0007446785412374961,0.0187280573333222,0.256128274990464,1.2578652132644255,1.6648076639340121,0.11316690567542619,nan
weak,0.25,learned_robust,8,1,192,0.00011279443502283544,0.0073109252840597065,0.2663565735721075,1.222058933569453,1.627440134288393,0.11306541210762074,nan
weak,0.25,plugin,8,2,192,0.0010610092332383636,0.022552173110920438,0.2565970813516875,1.270242904002864,1.6754318208461907,0.11322463203783632,0.0010667966147027096
weak,0.25,shrunk,8,2,192,0.000983855950804708,0.02184138848205186,0.26708728399779685,1.2071182881918163,1.612284721525129,0.1130296383539056,nan
weak,0.25,smoothed,8,2,192,0.0009707358471207206,0.021480692162010744,0.26358998606724704,1.2306675871539459,1.636324425203487,0.11310150465596826,nan
weak,0.25,uniform,8,2,192,0.01745222945600903,0.09044670223399691,0.6708571542233678,0.0,0.4163620248938759,0.10912077438555882,nan
weak,0.25,persistence,8,2,192,0.020887879126294747,0.09983239226403162,0.2801809339241262,1.410749993467914,1.660623655566808,0.11139221224202255,nan
weak,0.25,learned,8,2,192,0.0008434243938393778,0.020278137612863446,0.25414639536563016,1.2530064683595545,1.6600388575560512,0.11315031441029755,nan
weak,0.25,learned_robust,8,2,192,9.576033484402606e-05,0.006769471914191839,0.2647132157640083,1.2141249121281186,1.6196208316111018,0.11303233513684781,nan
weak,0.5,plugin,8,0,192,0.00024676786774455346,0.022552173110920445,0.4672327740806261,0.4288049616314349,0.8350238105189193,0.11052349676685286,0.0002463275780093872
weak,0.5,shrunk,8,0,192,0.00022944072622701692,0.02184138848205186,0.47524510157776384,0.4076292717035561,0.8141060019185922,0.11045389314417568,nan
weak,0.5,smoothed,8,0,192,0.0002225143925221248,0.021480692162010744,0.4726817764172795,0.4148258570713003,0.8214543797010561,0.11047806432167266,nan
weak,0.5,uniform,8,0,192,0.004048873761548473,0.09044670223399691,0.6708571542233678,0.0,0.4163620248938759,0.10912077438555882,nan
weak,0.5,persistence,8,0,192,0.004534974257353024,0.09983239226403162,0.5023653495763405,0.44238921442936857,0.7551421185051943,0.10989340226272004,nan
weak,0.5,learned,8,0,192,0.00020846986946519187,0.020595810640409242,0.46238717822933134,0.4351753534180873,0.8421921179755376,0.11053369492356328,nan
weak,0.5,learned_robust,8,0,192,2.005432202009892e-05,0.006132970068121561,0.47409528462375494,0.4117364446503255,0.8175035717002578,0.11046708405583126,nan
weak,0.5,plugin,8,1,192,0.00024676786774455346,0.022552173110920445,0.4672327740806261,0.4288049616314349,0.8350238105189193,0.11052349676685286,0.0002463275780093872
weak,0.5,shrunk,8,1,192,0.00022944072622701692,0.02184138848205186,0.47524510157776384,0.4076292717035561,0.8141060019185922,0.11045389314417568,nan
weak,0.5,smoothed,8,1,192,0.0002225143925221248,0.021480692162010744,0.4726817764172795,0.4148258570713003,0.8214543797010561,0.11047806432167266,nan
weak,0.5,uniform,8,1,192,0.004048873761548473,0.09044670223399691,0.6708571542233678,0.0,0.4163620248938759,0.10912077438555882,nan
weak,0.5,persistence,8,1,192,0.004534974257353024,0.09983239226403162,0.5023653495763405,0.44238921442936857,0.7551421185051943,0.10989340226272004,nan
weak,0.5,learned,8,1,192,0.00016876394530150723,0.01867657575761543,0.4676472622939111,0.4238803982249422,0.8311006975770813,0.11050054301576412,nan
weak,0.5,learned_robust,8,1,192,2.486539379742703e-05,0.00690685001695594,0.47453130695851353,0.4106881438113518,0.8170907265797673,0.11046269145259029,nan
weak,0.5,plugin,8,2,192,0.00024676786774455346,0.022552173110920445,0.4672327740806261,0.4288049616314349,0.8350238105189193,0.11052349676685286,0.0002463275780093872
weak,0.5,shrunk,8,2,192,0.00022944072622701692,0.02184138848205186,0.47524510157776384,0.4076292717035561,0.8141060019185922,0.11045389314417568,nan
weak,0.5,smoothed,8,2,192,0.0002225143925221248,0.021480692162010744,0.4726817764172795,0.4148258570713003,0.8214543797010561,0.11047806432167266,nan
weak,0.5,uniform,8,2,192,0.004048873761548473,0.09044670223399691,0.6708571542233678,0.0,0.4163620248938759,0.10912077438555882,nan
weak,0.5,persistence,8,2,192,0.004534974257353024,0.09983239226403162,0.5023653495763405,0.44238921442936857,0.7551421185051943,0.10989340226272004,nan
weak,0.5,learned,8,2,192,0.00021086097073391304,0.02095213822782026,0.4661120044466966,0.42784771225319634,0.8347080918493944,0.11051322694721656,nan
weak,0.5,learned_robust,8,2,192,2.105961311409804e-05,0.006303098252960816,0.47245420526963416,0.4162887657258391,0.8224066806496181,0.11048023857933002,nan
weak,1.0,plugin,8,0,192,0.0,nan,0.6708571542233678,0.0,0.4163620248938759,0.10912077438555882,0.0
weak,1.0,shrunk,8,0,192,0.0,nan,0.6708571542233678,0.0,0.4163620248938759,0.10912077438555882,nan
weak,1.0,smoothed,8,0,192,0.0,nan,0.6708571542233678,0.0,0.4163620248938759,0.10912077438555882,nan
weak,1.0,uniform,8,0,192,0.0,nan,0.6708571542233678,0.0,0.4163620248938759,0.10912077438555882,nan
weak,1.0,persistence,8,0,192,0.0,nan,0.6708571542233678,0.0,0.4163620248938759,0.10912077438555882,nan
weak,1.0,learned,8,0,192,-1.9758551340204322e-09,nan,0.6708576109871757,8.499249793343553e-05,0.4163613374149928,0.109120776131523,nan
weak,1.0,learned_robust,8,0,192,-4.891465970694823e-09,nan,0.6708572250477677,8.326427337182253e-05,0.4163609292693433,0.10912077652719711,nan
weak,1.0,plugin,8,1,192,0.0,nan,0.6708571542233678,0.0,0.4163620248938759,0.10912077438555882,0.0
weak,1.0,shrunk,8,1,192,0.0,nan,0.6708571542233678,0.0,0.4163620248938759,0.10912077438555882,nan
weak,1.0,smoothed,8,1,192,0.0,nan,0.6708571542233678,0.0,0.4163620248938759,0.10912077438555882,nan
weak,1.0,uniform,8,1,192,0.0,nan,0.6708571542233678,0.0,0.4163620248938759,0.10912077438555882,nan
weak,1.0,persistence,8,1,192,0.0,nan,0.6708571542233678,0.0,0.4163620248938759,0.10912077438555882,nan
weak,1.0,learned,8,1,192,-3.781761705873299e-09,nan,0.6708504591472516,0.00017918087485902095,0.4163714347270417,0.10912080214539109,nan
weak,1.0,learned_robust,8,1,192,-2.84599037912725e-09,nan,0.6708441594338691,0.00017517432523421497,0.41638104974144835,0.10912081780126108,nan
weak,1.0,plugin,8,2,192,0.0,nan,0.6708571542233678,0.0,0.4163620248938759,0.10912077438555882,0.0
weak,1.0,shrunk,8,2,192,0.0,nan,0.6708571542233678,0.0,0.4163620248938759,0.10912077438555882,nan
weak,1.0,smoothed,8,2,192,0.0,nan,0.6708571542233678,0.0,0.4163620248938759,0.10912077438555882,nan
weak,1.0,uniform,8,2,192,0.0,nan,0.6708571542233678,0.0,0.4163620248938759,0.10912077438555882,nan
weak,1.0,persistence,8,2,192,0.0,nan,0.6708571542233678,0.0,0.4163620248938759,0.10912077438555882,nan
weak,1.0,learned,8,2,192,-4.140394519712894e-09,nan,0.6708527909384717,6.0093278455004004e-05,0.4163656118026772,0.10912078127139822,nan
weak,1.0,learned_robust,8,2,192,2.0586031467447383e-09,nan,0.6708515185335749,6.054807471109557e-05,0.4163682218001898,0.10912079098341947,nan
weak,2.0,plugin,8,0,192,0.00025106104609930586,0.022552173110920445,0.8159662043023511,0.22072285732695554,0.20846926956685538,0.10841309022391331,0.0002511174354230741
weak,2.0,shrunk,8,0,192,0.0002369048748164278,0.021841388482051863,0.8080045251617549,0.2095504553383816,0.21863491508114183,0.10844854838517548,nan
weak,2.0,smoothed,8,0,192,0.00022650339018584544,0.021480692162010744,0.8106346896758939,0.2129473603620146,0.21519414518206223,0.10843713482280369,nan
weak,2.0,uniform,8,0,192,0.004194374594744568,0.09044670223399691,0.6708571542233678,0.0,0.4163620248938759,0.10912077438555882,nan
weak,2.0,persistence,8,0,192,0.004611224627289943,0.09983239226403164,0.6989472041558482,0.21460048328965878,0.3630212256117134,0.10873829680543663,nan
weak,2.0,learned,8,0,192,0.00019355768705862168,0.019649179836418913,0.8186651146060567,0.22281786684946958,0.20560884137624139,0.10841198646742212,nan
weak,2.0,learned_robust,8,0,192,2.515113237677088e-05,0.006462216318329619,0.8150241226828957,0.2183953193811626,0.20858525239400352,0.1084193579451797,nan
weak,2.0,plugin,8,1,192,0.00025106104609930586,0.022552173110920445,0.8159662043023511,0.22072285732695554,0.20846926956685538,0.10841309022391331,0.0002511174354230741
weak,2.0,shrunk,8,1,192,0.0002369048748164278,0.021841388482051863,0.8080045251617549,0.2095504553383816,0.21863491508114183,0.10844854838517548,nan
weak,2.0,smoothed,8,1,192,0.00022650339018584544,0.021480692162010744,0.8106346896758939,0.2129473603620146,0.21519414518206223,0.10843713482280369,nan
weak,2.0,uniform,8,1,192,0.004194374594744568,0.09044670223399691,0.6708571542233678,0.0,0.4163620248938759,0.10912077438555882,nan
weak,2.0,persistence,8,1,192,0.004611224627289943,0.09983239226403164,0.6989472041558482,0.21460048328965878,0.3630212256117134,0.10873829680543663,nan
weak,2.0,learned,8,1,192,0.00018871523598780354,0.01958802425709974,0.8171547107237785,0.2203443956388711,0.20740923723948337,0.1084192290726818,nan
weak,2.0,learned_robust,8,1,192,2.725331818598647e-05,0.0066256864008893785,0.8132251074867858,0.21521550915218357,0.21091180296067527,0.1084275491901826,nan
weak,2.0,plugin,8,2,192,0.00025106104609930586,0.022552173110920445,0.8159662043023511,0.22072285732695554,0.20846926956685538,0.10841309022391331,0.0002511174354230741
weak,2.0,shrunk,8,2,192,0.0002369048748164278,0.021841388482051863,0.8080045251617549,0.2095504553383816,0.21863491508114183,0.10844854838517548,nan
weak,2.0,smoothed,8,2,192,0.00022650339018584544,0.021480692162010744,0.8106346896758939,0.2129473603620146,0.21519414518206223,0.10843713482280369,nan
weak,2.0,uniform,8,2,192,0.004194374594744568,0.09044670223399691,0.6708571542233678,0.0,0.4163620248938759,0.10912077438555882,nan
weak,2.0,persistence,8,2,192,0.004611224627289943,0.09983239226403164,0.6989472041558482,0.21460048328965878,0.3630212256117134,0.10873829680543663,nan
weak,2.0,learned,8,2,192,0.00018880306302060737,0.019310961634087794,0.816871217099123,0.22042629535044322,0.20773889420244793,0.10841802368173836,nan
weak,2.0,learned_robust,8,2,192,2.7215698947487266e-05,0.006644882194612896,0.8134527534946017,0.21626697855120133,0.2106709754307249,0.10842618386897669,nan
weak,4.0,plugin,8,0,192,0.0011364094154602909,0.022552173110920438,0.8896470123204435,0.33334321471917433,0.1194182179142093,0.10805813520473845,0.0011334466608685925
weak,4.0,shrunk,8,0,192,0.001076558641550605,0.02184138848205186,0.8812349709544947,0.31634238901865963,0.1292739600421684,0.10811141996728164,nan
weak,4.0,smoothed,8,0,192,0.0010272343682771218,0.021480692162010744,0.8855772211136882,0.3213985721304302,0.1242697092628461,0.10809454349083954,nan
weak,4.0,uniform,8,0,192,0.019009319922736488,0.09044670223399691,0.6708571542233678,0.0,0.4163620248938759,0.10912077438555882,nan
weak,4.0,persistence,8,0,192,0.021925095313829857,0.09983239226403162,0.6726871340980827,0.3210021062226012,0.3949453305106865,0.10854873793676546,nan
weak,4.0,learned,8,0,192,0.0008926458184406941,0.019924323132601625,0.8955619031470957,0.3367794635478951,0.11288688327490178,0.10805480146155723,nan
weak,4.0,learned_robust,8,0,192,0.00011955023702815704,0.006428881909717213,0.899411751228638,0.32803979177629833,0.10696914718388499,0.10807201131803168,nan
weak,4.0,plugin,8,1,192,0.0011364094154602909,0.022552173110920438,0.8896470123204435,0.33334321471917433,0.1194182179142093,0.10805813520473845,0.0011334466608685925
weak,4.0,shrunk,8,1,192,0.001076558641550605,0.02184138848205186,0.8812349709544947,0.31634238901865963,0.1292739600421684,0.10811141996728164,nan
weak,4.0,smoothed,8,1,192,0.0010272343682771218,0.021480692162010744,0.8855772211136882,0.3213985721304302,0.1242697092628461,0.10809454349083954,nan
weak,4.0,uniform,8,1,192,0.019009319922736488,0.09044670223399691,0.6708571542233678,0.0,0.4163620248938759,0.10912077438555882,nan
weak,4.0,persistence,8,1,192,0.021925095313829857,0.09983239226403162,0.6726871340980827,0.3210021062226012,0.3949453305106865,0.10854873793676546,nan
weak,4.0,learned,8,1,192,0.0008083693043426394,0.01910559191618606,0.8918661648521397,0.3284640796496642,0.11674957024970149,0.10807745891507692,nan
weak,4.0,learned_robust,8,1,192,0.00011899962478414787,0.006733561399152303,0.8951267404466229,0.3211218651927252,0.11175207833299418,0.10809077794074962,nan
weak,4.0,plugin,8,2,192,0.0011364094154602909,0.022552173110920438,0.8896470123204435,0.33334321471917433,0.1194182179142093,0.10805813520473845,0.0011334466608685925
weak,4.0,shrunk,8,2,192,0.001076558641550605,0.02184138848205186,0.8812349709544947,0.31634238901865963,0.1292739600421684,0.10811141996728164,nan
weak,4.0,smoothed,8,2,192,0.0010272343682771218,0.021480692162010744,0.8855772211136882,0.3213985721304302,0.1242697092628461,0.10809454349083954,nan
weak,4.0,uniform,8,2,192,0.019009319922736488,0.09044670223399691,0.6708571542233678,0.0,0.4163620248938759,0.10912077438555882,nan
weak,4.0,persistence,8,2,192,0.021925095313829857,0.09983239226403162,0.6726871340980827,0.3210021062226012,0.3949453305106865,0.10854873793676546,nan
weak,4.0,learned,8,2,192,0.0008851910920604089,0.019708382711851657,0.8930759341409567,0.33318422623629984,0.11565768546150429,0.10806576674423085,nan
weak,4.0,learned_robust,8,2,192,0.00012084451985007866,0.006443849860985597,0.8990721547872128,0.326723886433653,0.1075104998892809,0.10807658408150404,nan
weak,8.0,plugin,8,0,192,0.0031194513583305047,0.022552173110920445,0.9055183682688775,0.390302710353336,0.10049907559907532,0.10788042025740875,0.003090028716182611
weak,8.0,shrunk,8,0,192,0.002966417287486116,0.02184138848205186,0.902266394991566,0.3703152852206601,0.1044968937035325,0.10794263746835943,nan
weak,8.0,smoothed,8,0,192,0.0028297820737337117,0.021480692162010744,0.9058774811791949,0.3761926017257495,0.1003804936584004,0.10792309876505624,nan
weak,8.0,uniform,8,0,192,0.05033121561138492,0.09044670223399691,0.6708571542233678,0.0,0.4163620248938759,0.10912077438555882,nan
weak,8.0,persistence,8,0,192,0.05961363348562374,0.09983239226403162,0.6566993895572418,0.37407544526960185,0.41795156515767756,0.1084544360604378,nan
weak,8.0,learned,8,0,192,0.0024215077813052963,0.019942109609617883,0.9134292549741985,0.3941854054775549,0.09191795517959396,0.10787760477111696,nan
weak,8.0,learned_robust,8,0,192,0.00032850947600704974,0.0064919163931129245,0.9428829179202077,0.3840121464899047,0.05905273057080143,0.10789585515709038,nan
weak,8.0,plugin,8,1,192,0.0031194513583305047,0.022552173110920445,0.9055183682688775,0.390302710353336,0.10049907559907532,0.10788042025740875,0.003090028716182611
weak,8.0,shrunk,8,1,192,0.002966417287486116,0.02184138848205186,0.902266394991566,0.3703152852206601,0.1044968937035325,0.10794263746835943,nan
weak,8.0,smoothed,8,1,192,0.0028297820737337117,0.021480692162010744,0.9058774811791949,0.3761926017257495,0.1003804936584004,0.10792309876505624,nan
weak,8.0,uniform,8,1,192,0.05033121561138492,0.09044670223399691,0.6708571542233678,0.0,0.4163620248938759,0.10912077438555882,nan
weak,8.0,persistence,8,1,192,0.05961363348562374,0.09983239226403162,0.6566993895572418,0.37407544526960185,0.41795156515767756,0.1084544360604378,nan
weak,8.0,learned,8,1,192,0.00221305604924363,0.01905296093233275,0.9152847381480402,0.3866000467061243,0.08971196545038855,0.10789568573535502,nan
weak,8.0,learned_robust,8,1,192,0.0003558586196415996,0.007069159967529194,0.9401736099968683,0.37878701206477144,0.061865528600914294,0.10790891072487707,nan
weak,8.0,plugin,8,2,192,0.0031194513583305047,0.022552173110920445,0.9055183682688775,0.390302710353336,0.10049907559907532,0.10788042025740875,0.003090028716182611
weak,8.0,shrunk,8,2,192,0.002966417287486116,0.02184138848205186,0.902266394991566,0.3703152852206601,0.1044968937035325,0.10794263746835943,nan
weak,8.0,smoothed,8,2,192,0.0028297820737337117,0.021480692162010744,0.9058774811791949,0.3761926017257495,0.1003804936584004,0.10792309876505624,nan
weak,8.0,uniform,8,2,192,0.05033121561138492,0.09044670223399691,0.6708571542233678,0.0,0.4163620248938759,0.10912077438555882,nan
weak,8.0,persistence,8,2,192,0.05961363348562374,0.09983239226403162,0.6566993895572418,0.37407544526960185,0.41795156515767756,0.1084544360604378,nan
weak,8.0,learned,8,2,192,0.0024761705994654735,0.019967469275975012,0.9123168982698204,0.3890677516179637,0.09316233018818389,0.10789405155695571,nan
weak,8.0,learned_robust,8,2,192,0.0003266311768305921,0.006429872779095301,0.9432991499627424,0.3831407693669943,0.05871984877651765,0.10789962497523153,nan
