seed,ky,kx,radius,pole_margin,exact_margin,error_growth,final_error
0,-6,0,6.0,-0.1751948075534669,-0.13879131189031926,0.11804664573248692,0.3599102199077606
0,-5,0,5.0,-0.10907423587563721,-0.09638285547938827,0.13124596634331862,0.21323193609714508
0,-5,1,5.0990195135927845,-0.17529266998516024,-0.10023816969856372,0.11882330998778343,0.637866199016571
0,-5,2,5.385164807134504,-0.17525063827153717,-0.11180411235609042,0.12507559963885473,0.6038299202919006
0,-5,3,5.830951894845301,-0.17519571436426865,-0.13108068345196808,0.13533194512128827,0.4430537819862366
0,-4,0,4.0,-0.061879060316878697,-0.06168502750680854,0.09203926780644583,0.10305129736661911
0,-4,1,4.123105625617661,-0.06986914989720537,-0.06554034172598407,0.09604508631369629,0.05622067302465439
0,-4,2,4.47213595499958,-0.08141184555297426,-0.07710628438351075,0.06973236588870768,0.08369886875152588
0,-4,3,5.0,-0.0995409165763287,-0.09638285547938827,0.11863237233722906,0.06708110868930817
0,-4,4,5.656854249492381,-0.12531827963709063,-0.12337005501361714,0.13514587773996226,0.08874870836734772
0,-3,0,3.0,-0.038336361221473915,-0.03469782797257986,0.06637806611902561,0.05430576577782631
0,-3,1,3.1622776601683795,-0.043233739703359815,-0.038553142191755325,0.07119378202101749,0.04711315408349037
0,-3,2,3.605551275463989,-0.05361305551359996,-0.05011908484928189,0.09934938269502983,0.09941360354423523
0,-3,3,4.242640687119285,-0.07323933752504198,-0.0693956559451595,0.08557401579969061,0.03349944204092026
0,-3,4,5.0,-0.10037911969364251,-0.09638285547938827,0.12000326759674962,0.07303079962730408
0,-3,5,5.830951894845301,-0.13417866861949315,-0.13108068345196808,0.08632572188096874,0.0758552998304367
0,-2,0,2.0,-0.019856692208464678,-0.015421256876702224,0.052859204656937483,0.04465986415743828
0,-2,1,2.23606797749979,-0.023755150188634666,-0.019276571095877625,0.06055152942152578,0.06934454292058945
0,-2,2,2.8284271247461903,-0.03464805322879626,-0.030842513753404247,0.08167429040460018,0.06599614024162292
0,-2,3,3.605551275463989,-0.05366936928021631,-0.05011908484928189,0.11435844267115858,0.05198534578084946
0,-2,4,4.47213595499958,-0.08131536674933122,-0.07710628438351075,0.06042970033252924,0.039273038506507874
0,-2,5,5.385164807134504,-0.11437808618658228,-0.11180411235609042,0.09734326916582435,0.0659223273396492
0,-1,0,1.0,-0.010081879650614044,-0.003855314219175528,0.04553681121152986,0.03923262655735016
0,-1,1,1.4142135623730951,-0.012628577927856481,-0.0077106284383510445,0.05599288274260112,0.02872404456138611
0,-1,2,2.23606797749979,-0.023686740826715454,-0.019276571095877625,0.027709090709686173,0.043913599103689194
0,-1,3,3.1622776601683795,-0.04233196341520871,-0.038553142191755325,0.07156213802449833,0.04812517762184143
0,-1,4,4.123105625617661,-0.06944934728765143,-0.06554034172598407,0.06340214294545785,0.05822554975748062
0,-1,5,5.0990195135927845,-0.104593492538926,-0.10023816969856372,0.0928888117565825,0.059551894664764404
0,0,0,0.0,-0.005145811201665947,-1.1102230246251565e-16,0.00804933379678156,0.04942785203456879
0,0,1,1.0,-0.007889813697469997,-0.003855314219175528,0.06894842140814825,0.06654807180166245
0,0,2,2.0,-0.01993595087404532,-0.015421256876702224,0.05404866793576403,0.0453215129673481
0,0,3,3.0,-0.03859547410739717,-0.03469782797257986,0.060918517673716824,0.05522443726658821
0,0,4,4.0,-0.06493780752401432,-0.06168502750680854,0.07090291135451364,0.05192508175969124
0,0,5,5.0,-0.09970305410297081,-0.09638285547938827,0.12352546523599062,0.09222100675106049
0,0,6,6.0,-0.14075256989197155,-0.13879131189031926,0.1423383055364382,0.14023487269878387
0,1,0,1.0,-0.010078802188503837,-0.003855314219175528,0.04553681121152986,0.03923262655735016
0,1,1,1.4142135623730951,-0.011660251431781959,-0.0077106284383510445,0.04755671795676719,0.05251530930399895
0,1,2,2.23606797749979,-0.023334255097109534,-0.019276571095877625,0.05554890387198494,0.03991987556219101
0,1,3,3.1622776601683795,-0.04225206419223241,-0.038553142191755325,0.10853607233832845,0.07046656310558319
0,1,4,4.123105625617661,-0.06937959248979471,-0.06554034172598407,0.12541004103772763,0.06918206810951233
0,1,5,5.0990195135927845,-0.10397917231864594,-0.10023816969856372,0.07136985449229964,0.06957270950078964
0,2,0,2.0,-0.019853198844030164,-0.015421256876702224,0.052859204656937483,0.04465986415743828
0,2,1,2.23606797749979,-0.023744762023254724,-0.019276571095877625,0.044259526449091244,0.06950206309556961
0,2,2,2.8284271247461903,-0.035474805841841345,-0.030842513753404247,0.0647796129479127,0.05385972559452057
0,2,3,3.605551275463989,-0.054445206988398304,-0.05011908484928189,0.08448506137903987,0.08772454410791397
0,2,4,4.47213595499958,-0.08201199152268038,-0.07710628438351075,0.12891688066370335,0.11273858696222305
0,2,5,5.385164807134504,-0.1161389317212328,-0.11180411235609042,0.10370263246928946,0.05014455318450928
0,3,0,3.0,-0.03832734745235579,-0.03469782797257986,0.06637806611902561,0.05430576577782631
0,3,1,3.1622776601683795,-0.04277850275020688,-0.038553142191755325,0.08086778065737553,0.04036864638328552
0,3,2,3.605551275463989,-0.05408299799551014,-0.05011908484928189,0.0923283643582287,0.06247998774051666
0,3,3,4.242640687119285,-0.07283103354234105,-0.0693956559451595,0.096842760548872,0.05189770832657814
0,3,4,5.0,-0.09925782914218897,-0.09638285547938827,0.08194506939719699,0.0964142233133316
0,3,5,5.830951894845301,-0.1327800670942098,-0.13108068345196808,0.1283372279475716,0.06945139914751053
0,4,0,4.0,-0.06188998342830919,-0.06168502750680854,0.09203926780644583,0.10305129736661911
0,4,1,4.123105625617661,-0.06984516318617884,-0.06554034172598407,0.0740677724866305,0.05897391960024834
0,4,2,4.47213595499958,-0.08161338074126195,-0.07710628438351075,0.0821790225365582,0.05627789720892906
0,4,3,5.0,-0.09874406083447045,-0.09638285547938827,0.12399049261037037,0.09086020290851593
0,4,4,5.656854249492381,-0.12480667942193246,-0.12337005501361714,0.15661129425553702,0.17609553039073944
0,5,0,5.0,-0.10908441097324292,-0.09638285547938827,0.13124596634331862,0.21323193609714508
0,5,1,5.0990195135927845,-0.10018110498717409,-0.10023816969856372,0.12535069269292487,0.1269679069519043
0,5,2,5.385164807134504,-0.11287896930725971,-0.11180411235609042,0.08214678834466368,0.07164199650287628
0,5,3,5.830951894845301,-0.13119943522729657,-0.13108068345196808,0.14129389769890716,0.12684813141822815
0,6,0,6.0,-0.17520418120814818,-0.13879131189031926,0.11804664573248692,0.3599102199077606
1,-6,0,6.0,-0.1736661600058747,-0.13879131189031926,0.11812119343701527,0.3880501985549927
1,-5,0,5.0,-0.10176020519260633,-0.09638285547938827,0.12109743567074041,0.1839090883731842
1,-5,1,5.0990195135927845,-0.17349971122437782,-0.10023816969856372,0.12131055698675265,0.6518537402153015
1,-5,2,5.385164807134504,-0.17345327831493573,-0.11180411235609042,0.12554661675411105,0.6175511479377747
1,-5,3,5.830951894845301,-0.17365265607609096,-0.13108068345196808,0.13410247862339014,0.4229651391506195
1,-4,0,4.0,-0.06299869410323268,-0.06168502750680854,0.09855946898460378,0.07396858185529709
1,-4,1,4.123105625617661,-0.06761764562040959,-0.06554034172598407,0.06795185944613279,0.042949970811605453
1,-4,2,4.47213595499958,-0.07983212229671445,-0.07710628438351075,0.05461570515352128,0.05164800211787224
1,-4,3,5.0,-0.09838452601422948,-0.09638285547938827,0.09139833169824925,0.03586946800351143
1,-4,4,5.656854249492381,-0.1254609150360803,-0.12337005501361714,0.12943972629659314,0.05692699924111366
1,-3,0,3.0,-0.03790608880009576,-0.03469782797257986,0.031771194934844836,0.03662785515189171
1,-3,1,3.1622776601683795,-0.04150011856177836,-0.038553142191755325,0.058555739066179904,0.03370588272809982
1,-3,2,3.605551275463989,-0.05322473583805264,-0.05011908484928189,0.0685054999940534,0.05951386317610741
1,-3,3,4.242640687119285,-0.0723866230936504,-0.0693956559451595,0.03465885204427372,0.021860171109437943
1,-3,4,5.0,-0.09971948884508544,-0.09638285547938827,0.08784735378097068,0.04652561619877815
1,-3,5,5.830951894845301,-0.1343800063879428,-0.13108068345196808,0.10932445280692141,0.10282117128372192
1,-2,0,2.0,-0.019013629776706186,-0.015421256876702224,0.045961385614731634,0.04417248070240021
1,-2,1,2.23606797749979,-0.02273346603810755,-0.019276571095877625,0.030487688499338333,0.04221155121922493
1,-2,2,2.8284271247461903,-0.033092565876785204,-0.030842513753404247,0.05456709370893578,0.04068414121866226
1,-2,3,3.605551275463989,-0.05282936817523239,-0.05011908484928189,0.021516359904232934,0.021271150559186935
1,-2,4,4.47213595499958,-0.08007061219088689,-0.07710628438351075,0.06542153323397902,0.04160608351230621
1,-2,5,5.385164807134504,-0.11580102503312432,-0.11180411235609042,0.06649577196906575,0.04242163151502609
1,-1,0,1.0,-0.008726149584976427,-0.003855314219175528,0.01581050087423871,0.0288997832685709
1,-1,1,1.4142135623730951,-0.011740417863271842,-0.0077106284383510445,0.05003787454436789,0.03621874004602432
1,-1,2,2.23606797749979,-0.02261753072159766,-0.019276571095877625,-0.02268197571530079,0.016171369701623917
1,-1,3,3.1622776601683795,-0.04202202674370126,-0.038553142191755325,0.027901787968242737,0.03550679609179497
1,-1,4,4.123105625617661,-0.068018923659861,-0.06554034172598407,0.0910533203798181,0.08710910379886627
1,-1,5,5.0990195135927845,-0.10250839154375568,-0.10023816969856372,0.09405341639238236,0.0566912405192852
1,0,0,0.0,-0.004461726354668199,-1.1102230246251565e-16,-0.00021444944774409605,0.054216913878917694
1,0,1,1.0,-0.007798852605362393,-0.003855314219175528,0.05399001205668728,0.06338129937648773
1,0,2,2.0,-0.019010525320455048,-0.015421256876702224,0.01961179130217608,0.024389412254095078
1,0,3,3.0,-0.03814638250622224,-0.03469782797257986,0.0389844743644489,0.04088684916496277
1,0,4,4.0,-0.06526822217330007,-0.06168502750680854,0.05825642943382249,0.046072740107774734
1,0,5,5.0,-0.1003237398577517,-0.09638285547938827,0.08061869179501231,0.055496275424957275
1,0,6,6.0,-0.1426530311573939,-0.13879131189031926,0.08453130161060993,0.1322062909603119
1,1,0,1.0,-0.008722504353890003,-0.003855314219175528,0.01581050087423871,0.0288997832685709
1,1,1,1.4142135623730951,-0.011358992782166392,-0.0077106284383510445,0.030572552891338582,0.044715408235788345
1,1,2,2.23606797749979,-0.023297513085931653,-0.019276571095877625,0.05541396877344913,0.048061732202768326
1,1,3,3.1622776601683795,-0.04170152385412949,-0.038553142191755325,0.07411047079983867,0.038091666996479034
1,1,4,4.123105625617661,-0.06731576479583531,-0.06554034172598407,0.06787039111642265,0.05463850498199463
1,1,5,5.0990195135927845,-0.10087356879542456,-0.10023816969856372,0.13097414163982163,0.10681705921888351
1,2,0,2.0,-0.0190175337802837,-0.015421256876702224,0.045961385614731634,0.04417248070240021
1,2,1,2.23606797749979,-0.021775672091762142,-0.019276571095877625,0.05666271202704475,0.05981207266449928
1,2,2,2.8284271247461903,-0.03459356498909467,-0.030842513753404247,0.037945718625012476,0.033150430768728256
1,2,3,3.605551275463989,-0.053320918010779685,-0.05011908484928189,0.07638398479012867,0.08059181272983551
1,2,4,4.47213595499958,-0.08020913475478873,-0.07710628438351075,0.09496475107529583,0.07553858309984207
1,2,5,5.385164807134504,-0.11408030781321768,-0.11180411235609042,0.05088734100846676,0.034960951656103134
1,3,0,3.0,-0.03790120764666143,-0.03469782797257986,0.031771194934844836,0.03662785515189171
1,3,1,3.1622776601683795,-0.04066125148743467,-0.038553142191755325,0.08961671660928154,0.040180400013923645
1,3,2,3.605551275463989,-0.051803770398769176,-0.05011908484928189,0.0635139672195209,0.058404263108968735
1,3,3,4.242640687119285,-0.07185735022048562,-0.0693956559451595,0.07520876667078798,0.05168336629867554
1,3,4,5.0,-0.10023513645253262,-0.09638285547938827,0.06592956290525537,0.0716492235660553
1,3,5,5.830951894845301,-0.1336352950328939,-0.13108068345196808,0.14282742282923505,0.06252497434616089
1,4,0,4.0,-0.06300890762926026,-0.06168502750680854,0.09855946898460378,0.07396858185529709
1,4,1,4.123105625617661,-0.06812574842278048,-0.06554034172598407,0.01298249819699449,0.03243201971054077
1,4,2,4.47213595499958,-0.08094999365374594,-0.07710628438351075,0.06211132757803961,0.04529190808534622
1,4,3,5.0,-0.09878607252658901,-0.09638285547938827,0.0700673587181989,0.03209761902689934
1,4,4,5.656854249492381,-0.1250005659385983,-0.12337005501361714,0.11113690102801597,0.0969698429107666
1,5,0,5.0,-0.10176374595308556,-0.09638285547938827,0.12109743567074041,0.1839090883731842
1,5,1,5.0990195135927845,-0.0991944222003923,-0.10023816969856372,0.11751763434971066,0.10053139179944992
1,5,2,5.385164807134504,-0.11030527312002432,-0.11180411235609042,0.07915342134587902,0.07422982156276703
1,5,3,5.830951894845301,-0.1317665416934265,-0.13108068345196808,0.14421526439049645,0.0913667231798172
1,6,0,6.0,-0.17366613371156528,-0.13879131189031926,0.11812119343701527,0.3880501985549927
2,-6,0,6.0,-0.1774882764301071,-0.13879131189031926,0.11623589186107398,0.36714664101600647
2,-5,0,5.0,-0.10413396469668586,-0.09638285547938827,0.11473572008750013,0.14759033918380737
2,-5,1,5.0990195135927845,-0.1774633043806527,-0.10023816969856372,0.11897181522320299,0.6358209848403931
2,-5,2,5.385164807134504,-0.17740140227241866,-0.11180411235609042,0.12584176747237932,0.6134786605834961
2,-5,3,5.830951894845301,-0.17740284399209766,-0.13108068345196808,0.13990674983052648,0.4488373398780823
2,-4,0,4.0,-0.0658842483572329,-0.06168502750680854,0.12743919035967655,0.14493216574192047
2,-4,1,4.123105625617661,-0.07294335629371959,-0.06554034172598407,0.02041608971707954,0.04635004326701164
2,-4,2,4.47213595499958,-0.08312393649660751,-0.07710628438351075,0.049555608454872495,0.06257455050945282
2,-4,3,5.0,-0.10219374994539686,-0.09638285547938827,0.03990263938903795,0.04058258235454559
2,-4,4,5.656854249492381,-0.12701293831291355,-0.12337005501361714,0.11805164568564464,0.08267915993928909
2,-3,0,3.0,-0.04063653958961637,-0.03469782797257986,0.058087908871033524,0.062257539480924606
2,-3,1,3.1622776601683795,-0.04621711757043438,-0.038553142191755325,0.037763954962001064,0.045642971992492676
2,-3,2,3.605551275463989,-0.05608485263942154,-0.05011908484928189,0.08165468503447133,0.0903419479727745
2,-3,3,4.242640687119285,-0.07642301846364011,-0.0693956559451595,0.10096213431919304,0.05629182979464531
2,-3,4,5.0,-0.10183248728283938,-0.09638285547938827,0.11476053981220011,0.0971016064286232
2,-3,5,5.830951894845301,-0.1354565958429762,-0.13108068345196808,0.11657486978699165,0.1463083028793335
2,-2,0,2.0,-0.022877272891517704,-0.015421256876702224,0.010576503417071134,0.03919052332639694
2,-2,1,2.23606797749979,-0.02661377004669049,-0.019276571095877625,0.040944732988581936,0.06917068362236023
2,-2,2,2.8284271247461903,-0.037809463659968894,-0.030842513753404247,0.06565162469358998,0.07122507691383362
2,-2,3,3.605551275463989,-0.057114822909428445,-0.05011908484928189,0.05178499221801737,0.034648071974515915
2,-2,4,4.47213595499958,-0.08429231669668492,-0.07710628438351075,0.07939090518390424,0.04965721443295479
2,-2,5,5.385164807134504,-0.11774704915908615,-0.11180411235609042,0.1099097385126001,0.0940912663936615
2,-1,0,1.0,-0.01260950752385635,-0.003855314219175528,0.059651011228561285,0.05989781394600868
2,-1,1,1.4142135623730951,-0.015662760853630702,-0.0077106284383510445,0.060002337483798684,0.05734565109014511
2,-1,2,2.23606797749979,-0.026095460087804796,-0.019276571095877625,0.04302688731866715,0.05250254645943642
2,-1,3,3.1622776601683795,-0.046392227154234106,-0.038553142191755325,0.037855802914675524,0.04454958811402321
2,-1,4,4.123105625617661,-0.07027579558914601,-0.06554034172598407,0.08505374648991744,0.09659663587808609
2,-1,5,5.0990195135927845,-0.10634173935785782,-0.10023816969856372,0.08263250133570492,0.08988656848669052
2,0,0,0.0,-0.010098370876173927,-1.1102230246251565e-16,-0.000476910787470298,0.06318125128746033
2,0,1,1.0,-0.011515234641148498,-0.003855314219175528,0.05064827589427722,0.066553495824337
2,0,2,2.0,-0.022017787390028305,-0.015421256876702224,0.05768518588122185,0.0543866865336895
2,0,3,3.0,-0.04035634925036925,-0.03469782797257986,0.06489660424344666,0.056859053671360016
2,0,4,4.0,-0.06876427860642617,-0.06168502750680854,0.050994663729387144,0.055560458451509476
2,0,5,5.0,-0.1019841368252291,-0.09638285547938827,0.064616862815969,0.07148291915655136
2,0,6,6.0,-0.14251024449565772,-0.13879131189031926,0.09163074808962193,0.14973469078540802
2,1,0,1.0,-0.012613396050567539,-0.003855314219175528,0.059651011228561285,0.05989781394600868
2,1,1,1.4142135623730951,-0.015341333561470816,-0.0077106284383510445,0.04638286268009851,0.07355957478284836
2,1,2,2.23606797749979,-0.027012674587238557,-0.019276571095877625,0.038911317025913834,0.04610077664256096
2,1,3,3.1622776601683795,-0.046298611900223705,-0.038553142191755325,0.07205283641815163,0.04384201020002365
2,1,4,4.123105625617661,-0.07313508317606579,-0.06554034172598407,0.049939656958860344,0.06365218013525009
2,1,5,5.0990195135927845,-0.10614421243615724,-0.10023816969856372,0.16082926041939669,0.11180571466684341
2,2,0,2.0,-0.022872124236643063,-0.015421256876702224,0.010576503417071134,0.03919052332639694
2,2,1,2.23606797749979,-0.026401177252614014,-0.019276571095877625,0.057739487115074505,0.08939919620752335
2,2,2,2.8284271247461903,-0.037507391651319825,-0.030842513753404247,0.0628196628654703,0.04962940514087677
2,2,3,3.605551275463989,-0.05760915489642051,-0.05011908484928189,0.08023965954780571,0.10927895456552505
2,2,4,4.47213595499958,-0.08393420581543098,-0.07710628438351075,0.08580146081307344,0.13374146819114685
2,2,5,5.385164807134504,-0.11730698714247378,-0.11180411235609042,0.06488661801113789,0.06692087650299072
2,3,0,3.0,-0.04063638589595892,-0.03469782797257986,0.058087908871033524,0.062257539480924606
2,3,1,3.1622776601683795,-0.04636670988653935,-0.038553142191755325,0.05943313521497375,0.04511557146906853
2,3,2,3.605551275463989,-0.0562823014433417,-0.05011908484928189,0.06391933560371385,0.05523406341671944
2,3,3,4.242640687119285,-0.07482429417520921,-0.0693956559451595,0.09172582415973428,0.0799187496304512
2,3,4,5.0,-0.10213458641036899,-0.09638285547938827,0.09122104855144718,0.12805140018463135
2,3,5,5.830951894845301,-0.13360471050128925,-0.13108068345196808,0.1501336479888241,0.12850278615951538
2,4,0,4.0,-0.06587765864578585,-0.06168502750680854,0.12743919035967655,0.14493216574192047
2,4,1,4.123105625617661,-0.07371906246166955,-0.06554034172598407,0.09900861137053546,0.1049736812710762
2,4,2,4.47213595499958,-0.08247929398882797,-0.07710628438351075,0.10235469376339615,0.09026817232370377
2,4,3,5.0,-0.10255012792401995,-0.09638285547938827,0.1390559459433835,0.1064351499080658
2,4,4,5.656854249492381,-0.12659500834874754,-0.12337005501361714,0.10400388468714315,0.150467187166214
2,5,0,5.0,-0.10413881978713606,-0.09638285547938827,0.11473572008750013,0.14759033918380737
2,5,1,5.0990195135927845,-0.10281712909675213,-0.10023816969856372,0.09045158203910364,0.0904761478304863
2,5,2,5.385164807134504,-0.11591513299359629,-0.11180411235609042,0.12751189891029793,0.12226098030805588
2,5,3,5.830951894845301,-0.13280213566363452,-0.13108068345196808,0.13062228104647455,0.13742518424987793
2,6,0,6.0,-0.17749552257907986,-0.13879131189031926,0.11623589186107398,0.36714664101600647
